Date ,5BE
11/18/04,2.6
11/19/04,2.64
11/22/04,2.67
11/23/04,2.65
11/24/04,2.68
11/25/04,#N/A
11/26/04,2.7
11/29/04,2.74
11/30/04,2.76
12/1/04,2.73
12/2/04,2.72
12/3/04,2.68
12/6/04,2.66
12/7/04,2.66
12/8/04,2.66
12/9/04,2.64
12/10/04,2.59
12/13/04,2.62
12/14/04,2.64
12/15/04,2.65
12/16/04,2.68
12/17/04,2.69
12/20/04,2.7
12/21/04,2.71
12/22/04,2.68
12/23/04,2.7
12/24/04,#N/A
12/27/04,2.71
12/28/04,2.71
12/29/04,2.7
12/30/04,2.67
12/31/04,2.64
1/3/05,2.62
1/4/05,2.62
1/5/05,2.6
1/6/05,2.59
1/7/05,2.57
1/10/05,2.62
1/11/05,2.6
1/12/05,2.6
1/13/05,2.6
1/14/05,2.58
1/17/05,#N/A
1/18/05,2.57
1/19/05,2.56
1/20/05,2.52
1/21/05,2.51
1/24/05,2.52
1/25/05,2.55
1/26/05,2.58
1/27/05,2.59
1/28/05,2.58
1/31/05,2.58
2/1/05,2.56
2/2/05,2.55
2/3/05,2.56
2/4/05,2.57
2/7/05,2.56
2/8/05,2.61
2/9/05,2.63
2/10/05,2.66
2/11/05,2.7
2/14/05,2.72
2/15/05,2.65
2/16/05,2.68
2/17/05,2.7
2/18/05,2.78
2/21/05,#N/A
2/22/05,2.81
2/23/05,2.81
2/24/05,2.81
2/25/05,2.8
2/28/05,2.82
3/1/05,2.85
3/2/05,2.86
3/3/05,2.87
3/4/05,2.85
3/7/05,2.86
3/8/05,2.89
3/9/05,2.93
3/10/05,2.88
3/11/05,2.88
3/14/05,2.86
3/15/05,2.88
3/16/05,2.89
3/17/05,2.91
3/18/05,2.92
3/21/05,2.9
3/22/05,2.94
3/23/05,2.86
3/24/05,2.85
3/25/05,#N/A
3/28/05,2.85
3/29/05,2.85
3/30/05,2.84
3/31/05,2.87
4/1/05,2.85
4/4/05,2.85
4/5/05,2.83
4/6/05,2.79
4/7/05,2.77
4/8/05,2.8
4/11/05,2.78
4/12/05,2.76
4/13/05,2.72
4/14/05,2.73
4/15/05,2.7
4/18/05,2.71
4/19/05,2.72
4/20/05,2.75
4/21/05,2.8
4/22/05,2.81
4/25/05,2.79
4/26/05,2.79
4/27/05,2.75
4/28/05,2.74
4/29/05,2.73
5/2/05,2.7
5/3/05,2.66
5/4/05,2.66
5/5/05,2.64
5/6/05,2.68
5/9/05,2.71
5/10/05,2.69
5/11/05,2.67
5/12/05,2.6
5/13/05,2.53
5/16/05,2.53
5/17/05,2.54
5/18/05,2.49
5/19/05,2.5
5/20/05,2.55
5/23/05,2.5
5/24/05,2.48
5/25/05,2.5
5/26/05,2.47
5/27/05,2.5
5/30/05,#N/A
5/31/05,2.47
6/1/05,2.44
6/2/05,2.42
6/3/05,2.42
6/6/05,2.43
6/7/05,2.39
6/8/05,2.39
6/9/05,2.39
6/10/05,2.37
6/13/05,2.38
6/14/05,2.39
6/15/05,2.38
6/16/05,2.39
6/17/05,2.43
6/20/05,2.42
6/21/05,2.4
6/22/05,2.32
6/23/05,2.34
6/24/05,2.32
6/27/05,2.35
6/28/05,2.36
6/29/05,2.35
6/30/05,2.31
7/1/05,2.34
7/4/05,#N/A
7/5/05,2.35
7/6/05,2.34
7/7/05,2.33
7/8/05,2.33
7/11/05,2.36
7/12/05,2.37
7/13/05,2.35
7/14/05,2.27
7/15/05,2.23
7/18/05,2.22
7/19/05,2.25
7/20/05,2.27
7/21/05,2.32
7/22/05,2.32
7/25/05,2.3
7/26/05,2.3
7/27/05,2.31
7/28/05,2.31
7/29/05,2.32
8/1/05,2.37
8/2/05,2.37
8/3/05,2.38
8/4/05,2.38
8/5/05,2.41
8/8/05,2.43
8/9/05,2.39
8/10/05,2.39
8/11/05,2.38
8/12/05,2.38
8/15/05,2.41
8/16/05,2.42
8/17/05,2.42
8/18/05,2.4
8/19/05,2.42
8/22/05,2.41
8/23/05,2.42
8/24/05,2.42
8/25/05,2.44
8/26/05,2.44
8/29/05,2.45
8/30/05,2.51
8/31/05,2.44
9/1/05,2.47
9/2/05,2.53
9/5/05,#N/A
9/6/05,2.49
9/7/05,2.5
9/8/05,2.56
9/9/05,2.62
9/12/05,2.61
9/13/05,2.59
9/14/05,2.6
9/15/05,2.62
9/16/05,2.65
9/19/05,2.67
9/20/05,2.63
9/21/05,2.65
9/22/05,2.63
9/23/05,2.64
9/26/05,2.63
9/27/05,2.66
9/28/05,2.67
9/29/05,2.69
9/30/05,2.72
10/3/05,2.71
10/4/05,2.68
10/5/05,2.66
10/6/05,2.59
10/7/05,2.59
10/10/05,#N/A
10/11/05,2.6
10/12/05,2.61
10/13/05,2.59
10/14/05,2.63
10/17/05,2.68
10/18/05,2.68
10/19/05,2.66
10/20/05,2.65
10/21/05,2.6
10/24/05,2.61
10/25/05,2.6
10/26/05,2.62
10/27/05,2.62
10/28/05,2.64
10/31/05,2.64
11/1/05,2.63
11/2/05,2.63
11/3/05,2.64
11/4/05,2.66
11/7/05,2.64
11/8/05,2.59
11/9/05,2.56
11/10/05,2.47
11/11/05,#N/A
11/14/05,2.44
11/15/05,2.43
11/16/05,2.4
11/17/05,2.39
11/18/05,2.38
11/21/05,2.4
11/22/05,2.41
11/23/05,2.41
11/24/05,#N/A
11/25/05,2.4
11/28/05,2.38
11/29/05,2.37
11/30/05,2.35
12/1/05,2.37
12/2/05,2.36
12/5/05,2.41
12/6/05,2.36
12/7/05,2.31
12/8/05,2.28
12/9/05,2.31
12/12/05,2.34
12/13/05,2.34
12/14/05,2.32
12/15/05,2.32
12/16/05,2.28
12/19/05,2.28
12/20/05,2.3
12/21/05,2.29
12/22/05,2.28
12/23/05,2.26
12/26/05,#N/A
12/27/05,2.25
12/28/05,2.23
12/29/05,2.26
12/30/05,2.3
1/2/06,#N/A
1/3/06,2.3
1/4/06,2.31
1/5/06,2.28
1/6/06,2.33
1/9/06,2.35
1/10/06,2.38
1/11/06,2.39
1/12/06,2.41
1/13/06,2.38
1/16/06,#N/A
1/17/06,2.4
1/18/06,2.4
1/19/06,2.41
1/20/06,2.47
1/23/06,2.46
1/24/06,2.45
1/25/06,2.43
1/26/06,2.47
1/27/06,2.52
1/30/06,2.54
1/31/06,2.58
2/1/06,2.57
2/2/06,2.55
2/3/06,2.57
2/6/06,2.58
2/7/06,2.57
2/8/06,2.54
2/9/06,2.55
2/10/06,2.57
2/13/06,2.55
2/14/06,2.52
2/15/06,2.52
2/16/06,2.56
2/17/06,2.6
2/20/06,#N/A
2/21/06,2.62
2/22/06,2.64
2/23/06,2.66
2/24/06,2.7
2/27/06,2.7
2/28/06,2.68
3/1/06,2.71
3/2/06,2.74
3/3/06,2.76
3/6/06,2.73
3/7/06,2.71
3/8/06,2.66
3/9/06,2.66
3/10/06,2.62
3/13/06,2.61
3/14/06,2.61
3/15/06,2.62
3/16/06,2.62
3/17/06,2.62
3/20/06,2.6
3/21/06,2.57
3/22/06,2.56
3/23/06,2.58
3/24/06,2.55
3/27/06,2.55
3/28/06,2.57
3/29/06,2.55
3/30/06,2.58
3/31/06,2.58
4/3/06,2.59
4/4/06,2.55
4/5/06,2.56
4/6/06,2.59
4/7/06,2.58
4/10/06,2.6
4/11/06,2.63
4/12/06,2.66
4/13/06,2.66
4/14/06,#N/A
4/17/06,2.68
4/18/06,2.69
4/19/06,2.75
4/20/06,2.72
4/21/06,2.73
4/24/06,2.69
4/25/06,2.6
4/26/06,2.63
4/27/06,2.62
4/28/06,2.67
5/1/06,2.72
5/2/06,2.71
5/3/06,2.71
5/4/06,2.69
5/5/06,2.7
5/8/06,2.69
5/9/06,2.72
5/10/06,2.73
5/11/06,2.78
5/12/06,2.78
5/15/06,2.71
5/16/06,2.69
5/17/06,2.71
5/18/06,2.69
5/19/06,2.65
5/22/06,2.63
5/23/06,2.68
5/24/06,2.64
5/25/06,2.64
5/26/06,2.65
5/29/06,#N/A
5/30/06,2.67
5/31/06,2.68
6/1/06,2.69
6/2/06,2.66
6/5/06,2.66
6/6/06,2.62
6/7/06,2.59
6/8/06,2.58
6/9/06,2.6
6/12/06,2.58
6/13/06,2.56
6/14/06,2.61
6/15/06,2.64
6/16/06,2.63
6/19/06,2.61
6/20/06,2.61
6/21/06,2.61
6/22/06,2.62
6/23/06,2.63
6/26/06,2.61
6/27/06,2.61
6/28/06,2.59
6/29/06,2.6
6/30/06,2.63
7/3/06,2.62
7/4/06,#N/A
7/5/06,2.62
7/6/06,2.63
7/7/06,2.63
7/10/06,2.61
7/11/06,2.59
7/12/06,2.59
7/13/06,2.58
7/14/06,2.58
7/17/06,2.59
7/18/06,2.58
7/19/06,2.57
7/20/06,2.58
7/21/06,2.57
7/24/06,2.55
7/25/06,2.57
7/26/06,2.58
7/27/06,2.57
7/28/06,2.54
7/31/06,2.54
8/1/06,2.55
8/2/06,2.58
8/3/06,2.59
8/4/06,2.59
8/7/06,2.61
8/8/06,2.62
8/9/06,2.65
8/10/06,2.62
8/11/06,2.64
8/14/06,2.64
8/15/06,2.61
8/16/06,2.56
8/17/06,2.55
8/18/06,2.55
8/21/06,2.55
8/22/06,2.56
8/23/06,2.52
8/24/06,2.49
8/25/06,2.5
8/28/06,2.46
8/29/06,2.47
8/30/06,2.41
8/31/06,2.44
9/1/06,2.4
9/4/06,#N/A
9/5/06,2.39
9/6/06,2.41
9/7/06,2.36
9/8/06,2.32
9/11/06,2.31
9/12/06,2.3
9/13/06,2.31
9/14/06,2.35
9/15/06,2.31
9/18/06,2.31
9/19/06,2.27
9/20/06,2.22
9/21/06,2.2
9/22/06,2.2
9/25/06,2.19
9/26/06,2.23
9/27/06,2.24
9/28/06,2.24
9/29/06,2.25
10/2/06,2.25
10/3/06,2.21
10/4/06,2.17
10/5/06,2.17
10/6/06,2.18
10/9/06,#N/A
10/10/06,2.2
10/11/06,2.21
10/12/06,2.2
10/13/06,2.2
10/16/06,2.2
10/17/06,2.17
10/18/06,2.16
10/19/06,2.14
10/20/06,2.15
10/23/06,2.15
10/24/06,2.18
10/25/06,2.2
10/26/06,2.17
10/27/06,2.16
10/30/06,2.13
10/31/06,2.1
11/1/06,2.11
11/2/06,2.11
11/3/06,2.18
11/6/06,2.21
11/7/06,2.19
11/8/06,2.2
11/9/06,2.19
11/10/06,2.2
11/13/06,2.18
11/14/06,2.16
11/15/06,2.17
11/16/06,2.14
11/17/06,2.12
11/20/06,2.13
11/21/06,2.15
11/22/06,2.15
11/23/06,#N/A
11/24/06,2.17
11/27/06,2.21
11/28/06,2.22
11/29/06,2.23
11/30/06,2.24
12/1/06,2.27
12/4/06,2.26
12/5/06,2.27
12/6/06,2.27
12/7/06,2.27
12/8/06,2.28
12/11/06,2.29
12/12/06,2.27
12/13/06,2.28
12/14/06,2.32
12/15/06,2.25
12/18/06,2.22
12/19/06,2.23
12/20/06,2.22
12/21/06,2.19
12/22/06,2.21
12/25/06,#N/A
12/26/06,2.21
12/27/06,2.2
12/28/06,2.23
12/29/06,2.26
1/1/07,#N/A
1/2/07,2.27
1/3/07,2.27
1/4/07,2.22
1/5/07,2.24
1/8/07,2.24
1/9/07,2.22
1/10/07,2.22
1/11/07,2.23
1/12/07,2.23
1/15/07,#N/A
1/16/07,2.22
1/17/07,2.24
1/18/07,2.23
1/19/07,2.25
1/22/07,2.29
1/23/07,2.31
1/24/07,2.34
1/25/07,2.33
1/26/07,2.36
1/29/07,2.37
1/30/07,2.39
1/31/07,2.42
2/1/07,2.41
2/2/07,2.42
2/5/07,2.4
2/6/07,2.38
2/7/07,2.36
2/8/07,2.36
2/9/07,2.37
2/12/07,2.34
2/13/07,2.36
2/14/07,2.34
2/15/07,2.3
2/16/07,2.32
2/19/07,#N/A
2/20/07,2.32
2/21/07,2.34
2/22/07,2.39
2/23/07,2.41
2/26/07,2.41
2/27/07,2.39
2/28/07,2.4
3/1/07,2.39
3/2/07,2.4
3/5/07,2.39
3/6/07,2.4
3/7/07,2.4
3/8/07,2.39
3/9/07,2.42
3/12/07,2.4
3/13/07,2.4
3/14/07,2.41
3/15/07,2.42
3/16/07,2.44
3/19/07,2.46
3/20/07,2.45
3/21/07,2.44
3/22/07,2.47
3/23/07,2.49
3/26/07,2.48
3/27/07,2.51
3/28/07,2.52
3/29/07,2.53
3/30/07,2.51
4/2/07,2.5
4/3/07,2.47
4/4/07,2.49
4/5/07,2.51
4/6/07,2.55
4/9/07,2.52
4/10/07,2.51
4/11/07,2.52
4/12/07,2.52
4/13/07,2.5
4/16/07,2.49
4/17/07,2.44
4/18/07,2.41
4/19/07,2.44
4/20/07,2.44
4/23/07,2.46
4/24/07,2.42
4/25/07,2.45
4/26/07,2.46
4/27/07,2.47
4/30/07,2.45
5/1/07,2.47
5/2/07,2.47
5/3/07,2.45
5/4/07,2.42
5/7/07,2.37
5/8/07,2.38
5/9/07,2.38
5/10/07,2.41
5/11/07,2.38
5/14/07,2.41
5/15/07,2.35
5/16/07,2.34
5/17/07,2.36
5/18/07,2.37
5/21/07,2.35
5/22/07,2.34
5/23/07,2.35
5/24/07,2.36
5/25/07,2.37
5/28/07,#N/A
5/29/07,2.32
5/30/07,2.33
5/31/07,2.33
6/1/07,2.34
6/4/07,2.36
6/5/07,2.35
6/6/07,2.37
6/7/07,2.38
6/8/07,2.38
6/11/07,2.38
6/12/07,2.39
6/13/07,2.39
6/14/07,2.42
6/15/07,2.42
6/18/07,2.39
6/19/07,2.38
6/20/07,2.37
6/21/07,2.37
6/22/07,2.39
6/25/07,2.37
6/26/07,2.35
6/27/07,2.33
6/28/07,2.36
6/29/07,2.33
7/2/07,2.34
7/3/07,2.34
7/4/07,#N/A
7/5/07,2.36
7/6/07,2.38
7/9/07,2.39
7/10/07,2.36
7/11/07,2.35
7/12/07,2.36
7/13/07,2.34
7/16/07,2.29
7/17/07,2.27
7/18/07,2.3
7/19/07,2.31
7/20/07,2.28
7/23/07,2.24
7/24/07,2.24
7/25/07,2.25
7/26/07,2.18
7/27/07,2.15
7/30/07,2.17
7/31/07,2.17
8/1/07,2.17
8/2/07,2.15
8/3/07,2.11
8/6/07,2.08
8/7/07,2.09
8/8/07,2.11
8/9/07,2.08
8/10/07,2.07
8/13/07,2.07
8/14/07,2.07
8/15/07,2.04
8/16/07,1.99
8/17/07,2.03
8/20/07,1.99
8/21/07,1.99
8/22/07,2.01
8/23/07,2.03
8/24/07,2.03
8/27/07,2.03
8/28/07,1.96
8/29/07,1.99
8/30/07,1.95
8/31/07,1.97
9/3/07,#N/A
9/4/07,1.97
9/5/07,1.97
9/6/07,1.97
9/7/07,1.96
9/10/07,1.98
9/11/07,2.01
9/12/07,2.04
9/13/07,2.07
9/14/07,2.07
9/17/07,2.08
9/18/07,2.1
9/19/07,2.12
9/20/07,2.13
9/21/07,2.13
9/24/07,2.1
9/25/07,2.07
9/26/07,2.08
9/27/07,2.11
9/28/07,2.11
10/1/07,2.13
10/2/07,2.12
10/3/07,2.13
10/4/07,2.13
10/5/07,2.14
10/8/07,#N/A
10/9/07,2.18
10/10/07,2.18
10/11/07,2.19
10/12/07,2.2
10/15/07,2.22
10/16/07,2.23
10/17/07,2.21
10/18/07,2.21
10/19/07,2.19
10/22/07,2.2
10/23/07,2.17
10/24/07,2.16
10/25/07,2.22
10/26/07,2.24
10/29/07,2.25
10/30/07,2.25
10/31/07,2.26
11/1/07,2.28
11/2/07,2.31
11/5/07,2.35
11/6/07,2.4
11/7/07,2.38
11/8/07,2.34
11/9/07,2.37
11/12/07,#N/A
11/13/07,2.38
11/14/07,2.36
11/15/07,2.32
11/16/07,2.31
11/19/07,2.31
11/20/07,2.32
11/21/07,2.29
11/22/07,#N/A
11/23/07,2.28
11/26/07,2.27
11/27/07,2.27
11/28/07,2.25
11/29/07,2.26
11/30/07,2.24
12/3/07,2.2
12/4/07,2.17
12/5/07,2.13
12/6/07,2.14
12/7/07,2.14
12/10/07,2.14
12/11/07,2.1
12/12/07,2.15
12/13/07,2.19
12/14/07,2.24
12/17/07,2.25
12/18/07,2.26
12/19/07,2.25
12/20/07,2.23
12/21/07,2.26
12/24/07,2.28
12/25/07,#N/A
12/26/07,2.29
12/27/07,2.33
12/28/07,2.29
12/31/07,2.27
1/1/08,#N/A
1/2/08,2.28
1/3/08,2.28
1/4/08,2.25
1/7/08,2.22
1/8/08,2.21
1/9/08,2.16
1/10/08,2.12
1/11/08,2.15
1/14/08,2.19
1/15/08,2.16
1/16/08,2.11
1/17/08,2.06
1/18/08,2.04
1/21/08,#N/A
1/22/08,1.97
1/23/08,1.92
1/24/08,1.99
1/25/08,2.05
1/28/08,2.05
1/29/08,2.1
1/30/08,2.12
1/31/08,2.15
2/1/08,2.09
2/4/08,2.04
2/5/08,1.98
2/6/08,1.96
2/7/08,1.99
2/8/08,2.02
2/11/08,2.05
2/12/08,2.06
2/13/08,2.03
2/14/08,2.03
2/15/08,2.08
2/18/08,#N/A
2/19/08,2.15
2/20/08,2.25
2/21/08,2.17
2/22/08,2.17
2/25/08,2.27
2/26/08,2.32
2/27/08,2.32
2/28/08,2.34
2/29/08,2.3
3/3/08,2.29
3/4/08,2.33
3/5/08,2.36
3/6/08,2.37
3/7/08,2.37
3/10/08,2.36
3/11/08,2.41
3/12/08,2.37
3/13/08,2.38
3/14/08,2.25
3/17/08,2.1
3/18/08,2.21
3/19/08,2.14
3/20/08,2.14
3/21/08,#N/A
3/24/08,2.17
3/25/08,2.13
3/26/08,2.13
3/27/08,2.21
3/28/08,2.21
3/31/08,2.19
4/1/08,2.21
4/2/08,2.21
4/3/08,2.21
4/4/08,2.18
4/7/08,2.23
4/8/08,2.19
4/9/08,2.17
4/10/08,2.19
4/11/08,2.17
4/14/08,2.17
4/15/08,2.2
4/16/08,2.22
4/17/08,2.22
4/18/08,2.24
4/21/08,2.25
4/22/08,2.24
4/23/08,2.25
4/24/08,2.26
4/25/08,2.31
4/28/08,2.3
4/29/08,2.29
4/30/08,2.26
5/1/08,2.27
5/2/08,2.32
5/5/08,2.29
5/6/08,2.31
5/7/08,2.29
5/8/08,2.3
5/9/08,2.32
5/12/08,2.3
5/13/08,2.32
5/14/08,2.36
5/15/08,2.35
5/16/08,2.37
5/19/08,2.4
5/20/08,2.42
5/21/08,2.47
5/22/08,2.47
5/23/08,2.42
5/26/08,#N/A
5/27/08,2.4
5/28/08,2.39
5/29/08,2.4
5/30/08,2.4
6/2/08,2.4
6/3/08,2.36
6/4/08,2.32
6/5/08,2.37
6/6/08,2.45
6/9/08,2.48
6/10/08,2.48
6/11/08,2.51
6/12/08,2.54
6/13/08,2.56
6/16/08,2.58
6/17/08,2.55
6/18/08,2.57
6/19/08,2.55
6/20/08,2.53
6/23/08,2.56
6/24/08,2.57
6/25/08,2.57
6/26/08,2.64
6/27/08,2.62
6/30/08,2.63
7/1/08,2.66
7/2/08,2.7
7/3/08,2.72
7/4/08,#N/A
7/7/08,2.63
7/8/08,2.52
7/9/08,2.54
7/10/08,2.57
7/11/08,2.6
7/14/08,2.58
7/15/08,2.55
7/16/08,2.56
7/17/08,2.54
7/18/08,2.5
7/21/08,2.47
7/22/08,2.42
7/23/08,2.29
7/24/08,2.28
7/25/08,2.24
7/28/08,2.25
7/29/08,2.18
7/30/08,2.22
7/31/08,2.16
8/1/08,2.17
8/4/08,2.14
8/5/08,2.1
8/6/08,2.08
8/7/08,2.09
8/8/08,2.04
8/11/08,2.01
8/12/08,1.99
8/13/08,2.01
8/14/08,2.02
8/15/08,1.95
8/18/08,1.92
8/19/08,1.92
8/20/08,1.94
8/21/08,2.02
8/22/08,1.94
8/25/08,1.88
8/26/08,1.9
8/27/08,1.92
8/28/08,1.94
8/29/08,1.89
9/1/08,#N/A
9/2/08,1.72
9/3/08,1.66
9/4/08,1.59
9/5/08,1.6
9/8/08,1.62
9/9/08,1.52
9/10/08,1.52
9/11/08,1.51
9/12/08,1.5
9/15/08,1.23
9/16/08,1.03
9/17/08,1.04
9/18/08,1.02
9/19/08,1.37
9/22/08,1.44
9/23/08,1.25
9/24/08,1.09
9/25/08,1.18
9/26/08,1.15
9/29/08,0.94
9/30/08,0.97
10/1/08,0.95
10/2/08,0.93
10/3/08,0.96
10/6/08,0.75
10/7/08,0.62
10/8/08,0.43
10/9/08,0.47
10/10/08,0.2
10/13/08,#N/A
10/14/08,0.24
10/15/08,0.14
10/16/08,-0.04
10/17/08,0.04
10/20/08,0.09
10/21/08,-0.12
10/22/08,-0.24
10/23/08,-0.39
10/24/08,-0.8
10/27/08,-1.07
10/28/08,-1.04
10/29/08,-0.96
10/30/08,-0.81
10/31/08,-0.96
11/3/08,-0.95
11/4/08,-0.89
11/5/08,-0.9
11/6/08,-1.02
11/7/08,-1
11/10/08,-1.01
11/11/08,#N/A
11/12/08,-1.09
11/13/08,-1.07
11/14/08,-1.1
11/17/08,-1.12
11/18/08,-1.29
11/19/08,-1.53
11/20/08,-1.79
11/21/08,-1.94
11/24/08,-1.95
11/25/08,-2.06
11/26/08,-2.23
11/27/08,#N/A
11/28/08,-2.24
12/1/08,-0.32
12/2/08,-0.08
12/3/08,0.03
12/4/08,0.04
12/5/08,-0.12
12/8/08,-0.28
12/9/08,-0.33
12/10/08,-0.36
12/11/08,-0.35
12/12/08,-0.38
12/15/08,-0.59
12/16/08,-0.3
12/17/08,0.09
12/18/08,-0.11
12/19/08,-0.31
12/22/08,-0.37
12/23/08,-0.27
12/24/08,-0.27
12/25/08,#N/A
12/26/08,-0.28
12/29/08,-0.21
12/30/08,-0.25
12/31/08,-0.26
1/1/09,#N/A
1/2/09,-0.25
1/5/09,-0.19
1/6/09,-0.14
1/7/09,-0.09
1/8/09,-0.08
1/9/09,-0.09
1/12/09,-0.1
1/13/09,-0.03
1/14/09,-0.13
1/15/09,-0.1
1/16/09,0
1/19/09,#N/A
1/20/09,0.03
1/21/09,0.04
1/22/09,0.09
1/23/09,0.09
1/26/09,0.1
1/27/09,0.15
1/28/09,0.25
1/29/09,0.3
1/30/09,0.38
2/2/09,0.34
2/3/09,0.43
2/4/09,0.51
2/5/09,0.51
2/6/09,0.7
2/9/09,0.93
2/10/09,0.76
2/11/09,0.66
2/12/09,0.51
2/13/09,0.67
2/16/09,#N/A
2/17/09,0.45
2/18/09,0.5
2/19/09,0.62
2/20/09,0.57
2/23/09,0.6
2/24/09,0.53
2/25/09,0.6
2/26/09,0.59
2/27/09,0.58
3/2/09,0.52
3/3/09,0.42
3/4/09,0.47
3/5/09,0.42
3/6/09,0.37
3/9/09,0.38
3/10/09,0.38
3/11/09,0.39
3/12/09,0.51
3/13/09,0.5
3/16/09,0.56
3/17/09,0.59
3/18/09,0.6
3/19/09,0.66
3/20/09,0.63
3/23/09,0.64
3/24/09,0.73
3/25/09,0.82
3/26/09,0.95
3/27/09,0.9
3/30/09,0.78
3/31/09,0.73
4/1/09,0.72
4/2/09,0.74
4/3/09,0.8
4/6/09,0.88
4/7/09,0.8
4/8/09,0.78
4/9/09,0.82
4/10/09,#N/A
4/13/09,0.77
4/14/09,0.75
4/15/09,0.69
4/16/09,0.73
4/17/09,0.73
4/20/09,0.61
4/21/09,0.62
4/22/09,0.64
4/23/09,0.64
4/24/09,0.73
4/27/09,0.75
4/28/09,0.81
4/29/09,0.87
4/30/09,0.82
5/1/09,0.79
5/4/09,0.84
5/5/09,0.86
5/6/09,0.93
5/7/09,1.05
5/8/09,1.04
5/11/09,1
5/12/09,0.99
5/13/09,0.96
5/14/09,0.96
5/15/09,1
5/18/09,1.03
5/19/09,1.09
5/20/09,1.09
5/21/09,1.13
5/22/09,1.19
5/25/09,#N/A
5/26/09,1.25
5/27/09,1.37
5/28/09,1.33
5/29/09,1.36
6/1/09,1.53
6/2/09,1.59
6/3/09,1.5
6/4/09,1.55
6/5/09,1.71
6/8/09,1.71
6/9/09,1.75
6/10/09,1.85
6/11/09,1.78
6/12/09,1.67
6/15/09,1.6
6/16/09,1.53
6/17/09,1.43
6/18/09,1.53
6/19/09,1.54
6/22/09,1.44
6/23/09,1.43
6/24/09,1.34
6/25/09,1.33
6/26/09,1.21
6/29/09,1.21
6/30/09,1.34
7/1/09,1.35
7/2/09,1.27
7/3/09,#N/A
7/6/09,1.22
7/7/09,1.22
7/8/09,1.12
7/9/09,1.1
7/10/09,1.06
7/13/09,1.06
7/14/09,1.15
7/15/09,1.27
7/16/09,1.28
7/17/09,1.37
7/20/09,1.4
7/21/09,1.33
7/22/09,1.34
7/23/09,1.43
7/24/09,1.39
7/27/09,1.42
7/28/09,1.38
7/29/09,1.39
7/30/09,1.38
7/31/09,1.32
8/3/09,1.38
8/4/09,1.42
8/5/09,1.44
8/6/09,1.39
8/7/09,1.48
8/10/09,1.42
8/11/09,1.36
8/12/09,1.34
8/13/09,1.24
8/14/09,1.13
8/17/09,1.08
8/18/09,1.16
8/19/09,1.2
8/20/09,1.3
8/21/09,1.36
8/24/09,1.29
8/25/09,1.21
8/26/09,1.2
8/27/09,1.21
8/28/09,1.18
8/31/09,1.12
9/1/09,1.11
9/2/09,1.07
9/3/09,1.15
9/4/09,1.24
9/7/09,#N/A
9/8/09,1.32
9/9/09,1.36
9/10/09,1.32
9/11/09,1.36
9/14/09,1.41
9/15/09,1.45
9/16/09,1.52
9/17/09,1.46
9/18/09,1.45
9/21/09,1.39
9/22/09,1.42
9/23/09,1.4
9/24/09,1.36
9/25/09,1.36
9/28/09,1.35
9/29/09,1.34
9/30/09,1.37
10/1/09,1.33
10/2/09,1.33
10/5/09,1.32
10/6/09,1.37
10/7/09,1.35
10/8/09,1.39
10/9/09,1.46
10/12/09,#N/A
10/13/09,1.47
10/14/09,1.51
10/15/09,1.56
10/16/09,1.57
10/19/09,1.63
10/20/09,1.57
10/21/09,1.55
10/22/09,1.51
10/23/09,1.56
10/26/09,1.6
10/27/09,1.61
10/28/09,1.57
10/29/09,1.64
10/30/09,1.61
11/2/09,1.63
11/3/09,1.63
11/4/09,1.7
11/5/09,1.71
11/6/09,1.7
11/9/09,1.79
11/10/09,1.78
11/11/09,#N/A
11/12/09,1.73
11/13/09,1.73
11/16/09,1.73
11/17/09,1.74
11/18/09,1.8
11/19/09,1.78
11/20/09,1.8
11/23/09,1.82
11/24/09,1.81
11/25/09,1.81
11/26/09,#N/A
11/27/09,1.74
11/30/09,1.75
12/1/09,1.8
12/2/09,1.82
12/3/09,1.82
12/4/09,1.81
12/7/09,1.81
12/8/09,1.75
12/9/09,1.71
12/10/09,1.73
12/11/09,1.79
12/14/09,1.84
12/15/09,1.9
12/16/09,1.93
12/17/09,1.88
12/18/09,1.92
12/21/09,1.98
12/22/09,2.01
12/23/09,2.02
12/24/09,2.05
12/25/09,#N/A
12/28/09,2.08
12/29/09,2.1
12/30/09,2.11
12/31/09,2.13
1/1/10,#N/A
1/4/10,2.13
1/5/10,2.12
1/6/10,2.16
1/7/10,2.19
1/8/10,2.18
1/11/10,2.12
1/12/10,2.15
1/13/10,2.13
1/14/10,2.12
1/15/10,2.1
1/18/10,#N/A
1/19/10,2.09
1/20/10,2.09
1/21/10,1.98
1/22/10,1.95
1/25/10,1.97
1/26/10,1.97
1/27/10,1.96
1/28/10,1.94
1/29/10,1.91
2/1/10,1.99
2/2/10,2.02
2/3/10,2.05
2/4/10,1.99
2/5/10,1.89
2/8/10,1.91
2/9/10,1.94
2/10/10,1.97
2/11/10,1.96
2/12/10,1.96
2/15/10,#N/A
2/16/10,1.95
2/17/10,2.01
2/18/10,2.02
2/19/10,1.97
2/22/10,1.92
2/23/10,1.9
2/24/10,1.9
2/25/10,1.83
2/26/10,1.83
3/1/10,1.83
3/2/10,1.83
3/3/10,1.84
3/4/10,1.84
3/5/10,1.89
3/8/10,1.87
3/9/10,1.88
3/10/10,1.91
3/11/10,1.89
3/12/10,1.93
3/15/10,1.93
3/16/10,1.92
3/17/10,1.96
3/18/10,1.92
3/19/10,1.86
3/22/10,1.82
3/23/10,1.8
3/24/10,1.89
3/25/10,1.87
3/26/10,1.86
3/29/10,1.85
3/30/10,1.83
3/31/10,1.83
4/1/10,1.85
4/2/10,1.86
4/5/10,1.92
4/6/10,2.03
4/7/10,2.04
4/8/10,1.95
4/9/10,1.97
4/12/10,1.95
4/13/10,1.93
4/14/10,1.95
4/15/10,1.96
4/16/10,1.9
4/19/10,1.91
4/20/10,1.96
4/21/10,1.95
4/22/10,1.95
4/23/10,1.99
4/26/10,2
4/27/10,2
4/28/10,2
4/29/10,2.06
4/30/10,2.01
5/3/10,2
5/4/10,1.94
5/5/10,1.89
5/6/10,1.79
5/7/10,1.75
5/10/10,1.85
5/11/10,1.86
5/12/10,1.92
5/13/10,1.89
5/14/10,1.83
5/17/10,1.81
5/18/10,1.77
5/19/10,1.7
5/20/10,1.58
5/21/10,1.61
5/24/10,1.62
5/25/10,1.57
5/26/10,1.62
5/27/10,1.72
5/28/10,1.69
5/31/10,#N/A
6/1/10,1.68
6/2/10,1.71
6/3/10,1.77
6/4/10,1.66
6/7/10,1.64
6/8/10,1.62
6/9/10,1.63
6/10/10,1.68
6/11/10,1.65
6/14/10,1.69
6/15/10,1.68
6/16/10,1.67
6/17/10,1.68
6/18/10,1.69
6/21/10,1.71
6/22/10,1.68
6/23/10,1.64
6/24/10,1.6
6/25/10,1.61
6/28/10,1.57
6/29/10,1.54
6/30/10,1.54
7/1/10,1.48
7/2/10,1.48
7/5/10,#N/A
7/6/10,1.41
7/7/10,1.4
7/8/10,1.43
7/9/10,1.47
7/12/10,1.48
7/13/10,1.51
7/14/10,1.48
7/15/10,1.43
7/16/10,1.36
7/19/10,1.34
7/20/10,1.32
7/21/10,1.34
7/22/10,1.37
7/23/10,1.39
7/26/10,1.4
7/27/10,1.44
7/28/10,1.46
7/29/10,1.45
7/30/10,1.43
8/2/10,1.5
8/3/10,1.51
8/4/10,1.5
8/5/10,1.5
8/6/10,1.46
8/9/10,1.48
8/10/10,1.48
8/11/10,1.43
8/12/10,1.35
8/13/10,1.34
8/16/10,1.29
8/17/10,1.28
8/18/10,1.28
8/19/10,1.22
8/20/10,1.24
8/23/10,1.21
8/24/10,1.19
8/25/10,1.21
8/26/10,1.24
8/27/10,1.27
8/30/10,1.23
8/31/10,1.19
9/1/10,1.21
9/2/10,1.2
9/3/10,1.25
9/6/10,#N/A
9/7/10,1.24
9/8/10,1.23
9/9/10,1.29
9/10/10,1.34
9/13/10,1.34
9/14/10,1.28
9/15/10,1.29
9/16/10,1.29
9/17/10,1.25
9/20/10,1.24
9/21/10,1.29
9/22/10,1.32
9/23/10,1.29
9/24/10,1.31
9/27/10,1.29
9/28/10,1.31
9/29/10,1.3
9/30/10,1.3
10/1/10,1.33
10/4/10,1.33
10/5/10,1.4
10/6/10,1.45
10/7/10,1.41
10/8/10,1.48
10/11/10,#N/A
10/12/10,1.48
10/13/10,1.57
10/14/10,1.67
10/15/10,1.58
10/18/10,1.53
10/19/10,1.51
10/20/10,1.48
10/21/10,1.52
10/22/10,1.56
10/25/10,1.62
10/26/10,1.63
10/27/10,1.59
10/28/10,1.52
10/29/10,1.48
11/1/10,1.51
11/2/10,1.49
11/3/10,1.51
11/4/10,1.52
11/5/10,1.57
11/8/10,1.58
11/9/10,1.58
11/10/10,1.6
11/11/10,#N/A
11/12/10,1.57
11/15/10,1.57
11/16/10,1.49
11/17/10,1.53
11/18/10,1.57
11/19/10,1.59
11/22/10,1.58
11/23/10,1.54
11/24/10,1.59
11/25/10,#N/A
11/26/10,1.6
11/29/10,1.58
11/30/10,1.54
12/1/10,1.6
12/2/10,1.64
12/3/10,1.62
12/6/10,1.6
12/7/10,1.67
12/8/10,1.68
12/9/10,1.65
12/10/10,1.65
12/13/10,1.66
12/14/10,1.69
12/15/10,1.77
12/16/10,1.78
12/17/10,1.75
12/20/10,1.75
12/21/10,1.77
12/22/10,1.81
12/23/10,1.83
12/24/10,#N/A
12/27/10,1.83
12/28/10,1.84
12/29/10,1.81
12/30/10,1.82
12/31/10,1.83
1/3/11,1.82
1/4/11,1.86
1/5/11,1.94
1/6/11,1.96
1/7/11,1.91
1/10/11,1.91
1/11/11,2
1/12/11,2
1/13/11,1.95
1/14/11,1.93
1/17/11,#N/A
1/18/11,1.95
1/19/11,1.94
1/20/11,1.9
1/21/11,1.92
1/24/11,1.93
1/25/11,1.94
1/26/11,1.96
1/27/11,1.9
1/28/11,1.93
1/31/11,1.96
2/1/11,2.01
2/2/11,2.01
2/3/11,2
2/4/11,1.99
2/7/11,1.98
2/8/11,1.95
2/9/11,1.94
2/10/11,1.92
2/11/11,1.88
2/14/11,1.86
2/15/11,1.91
2/16/11,1.94
2/17/11,1.97
2/18/11,2.04
2/21/11,#N/A
2/22/11,2.09
2/23/11,2.2
2/24/11,2.2
2/25/11,2.17
2/28/11,2.15
3/1/11,2.17
3/2/11,2.25
3/3/11,2.27
3/4/11,2.24
3/7/11,2.26
3/8/11,2.31
3/9/11,2.25
3/10/11,2.22
3/11/11,2.17
3/14/11,2.15
3/15/11,2.16
3/16/11,2.09
3/17/11,2.18
3/18/11,2.18
3/21/11,2.2
3/22/11,2.19
3/23/11,2.16
3/24/11,2.22
3/25/11,2.19
3/28/11,2.18
3/29/11,2.2
3/30/11,2.19
3/31/11,2.21
4/1/11,2.25
4/4/11,2.29
4/5/11,2.32
4/6/11,2.34
4/7/11,2.33
4/8/11,2.38
4/11/11,2.38
4/12/11,2.32
4/13/11,2.3
4/14/11,2.25
4/15/11,2.23
4/18/11,2.19
4/19/11,2.24
4/20/11,2.27
4/21/11,2.29
4/22/11,#N/A
4/25/11,2.3
4/26/11,2.32
4/27/11,2.37
4/28/11,2.41
4/29/11,2.45
5/2/11,2.44
5/3/11,2.42
5/4/11,2.41
5/5/11,2.28
5/6/11,2.25
5/9/11,2.29
5/10/11,2.31
5/11/11,2.2
5/12/11,2.2
5/13/11,2.15
5/16/11,2.12
5/17/11,2.08
5/18/11,2.14
5/19/11,2.1
5/20/11,2.07
5/23/11,2.03
5/24/11,2.07
5/25/11,2.08
5/26/11,2.06
5/27/11,2.03
5/30/11,#N/A
5/31/11,2
6/1/11,1.99
6/2/11,2.02
6/3/11,2.03
6/6/11,2.03
6/7/11,2.04
6/8/11,2.01
6/9/11,2.03
6/10/11,1.99
6/13/11,1.99
6/14/11,2.04
6/15/11,1.99
6/16/11,1.95
6/17/11,1.9
6/20/11,1.89
6/21/11,1.91
6/22/11,1.9
6/23/11,1.81
6/24/11,1.79
6/27/11,1.8
6/28/11,1.88
6/29/11,2
6/30/11,2.03
7/1/11,2.05
7/4/11,#N/A
7/5/11,2.03
7/6/11,2.03
7/7/11,2.1
7/8/11,2.01
7/11/11,2.01
7/12/11,2.01
7/13/11,1.99
7/14/11,1.98
7/15/11,1.98
7/18/11,2
7/19/11,2.02
7/20/11,2.01
7/21/11,2.04
7/22/11,2.03
7/25/11,2.06
7/26/11,2.01
7/27/11,2.1
7/28/11,2.11
7/29/11,2.07
8/1/11,2.07
8/2/11,1.99
8/3/11,1.87
8/4/11,1.79
8/5/11,1.82
8/8/11,1.74
8/9/11,1.75
8/10/11,1.95
8/11/11,1.86
8/12/11,1.84
8/15/11,1.8
8/16/11,1.74
8/17/11,1.73
8/18/11,1.62
8/19/11,1.7
8/22/11,1.73
8/23/11,1.66
8/24/11,1.65
8/25/11,1.68
8/26/11,1.64
8/29/11,1.67
8/30/11,1.67
8/31/11,1.72
9/1/11,1.72
9/2/11,1.72
9/5/11,#N/A
9/6/11,1.63
9/7/11,1.67
9/8/11,1.73
9/9/11,1.65
9/12/11,1.63
9/13/11,1.61
9/14/11,1.58
9/15/11,1.73
9/16/11,1.69
9/19/11,1.61
9/20/11,1.67
9/21/11,1.66
9/22/11,1.49
9/23/11,1.48
9/26/11,1.48
9/27/11,1.57
9/28/11,1.57
9/29/11,1.54
9/30/11,1.5
10/3/11,1.48
10/4/11,1.49
10/5/11,1.5
10/6/11,1.58
10/7/11,1.63
10/10/11,#N/A
10/11/11,1.65
10/12/11,1.67
10/13/11,1.61
10/14/11,1.66
10/17/11,1.66
10/18/11,1.72
10/19/11,1.71
10/20/11,1.72
10/21/11,1.74
10/24/11,1.76
10/25/11,1.76
10/26/11,1.83
10/27/11,1.94
10/28/11,1.93
10/31/11,1.88
11/1/11,1.82
11/2/11,1.91
11/3/11,1.91
11/4/11,1.93
11/7/11,1.94
11/8/11,1.89
11/9/11,1.87
11/10/11,1.88
11/11/11,#N/A
11/14/11,1.84
11/15/11,1.76
11/16/11,1.68
11/17/11,1.59
11/18/11,1.64
11/21/11,1.59
11/22/11,1.6
11/23/11,1.61
11/24/11,#N/A
11/25/11,1.64
11/28/11,1.66
11/29/11,1.7
11/30/11,1.76
12/1/11,1.76
12/2/11,1.76
12/5/11,1.77
12/6/11,1.83
12/7/11,1.71
12/8/11,1.65
12/9/11,1.64
12/12/11,1.64
12/13/11,1.65
12/14/11,1.6
12/15/11,1.61
12/16/11,1.58
12/19/11,1.64
12/20/11,1.72
12/21/11,1.7
12/22/11,1.64
12/23/11,1.68
12/26/11,#N/A
12/27/11,1.65
12/28/11,1.63
12/29/11,1.61
12/30/11,1.59
1/2/12,#N/A
1/3/12,1.66
1/4/12,1.71
1/5/12,1.74
1/6/12,1.71
1/9/12,1.73
1/10/12,1.7
1/11/12,1.67
1/12/12,1.69
1/13/12,1.69
1/16/12,#N/A
1/17/12,1.7
1/18/12,1.73
1/19/12,1.75
1/20/12,1.76
1/23/12,1.77
1/24/12,1.81
1/25/12,1.83
1/26/12,1.86
1/27/12,1.88
1/30/12,1.87
1/31/12,1.88
2/1/12,1.89
2/2/12,1.89
2/3/12,1.88
2/6/12,1.91
2/7/12,1.95
2/8/12,1.91
2/9/12,1.91
2/10/12,1.88
2/13/12,1.97
2/14/12,1.92
2/15/12,1.9
2/16/12,1.93
2/17/12,1.93
2/20/12,#N/A
2/21/12,1.98
2/22/12,1.99
2/23/12,2.04
2/24/12,2.03
2/27/12,2.02
2/28/12,1.99
2/29/12,1.99
3/1/12,1.99
3/2/12,1.95
3/5/12,1.94
3/6/12,1.92
3/7/12,1.98
3/8/12,2.01
3/9/12,2.07
3/12/12,2.06
3/13/12,2.13
3/14/12,2.15
3/15/12,2.13
3/16/12,2.12
3/19/12,2.13
3/20/12,2.15
3/21/12,2.11
3/22/12,2.06
3/23/12,2.04
3/26/12,2.02
3/27/12,2.01
3/28/12,2.03
3/29/12,1.99
3/30/12,2.02
4/2/12,2.04
4/3/12,2.04
4/4/12,1.96
4/5/12,1.95
4/6/12,1.85
4/9/12,1.84
4/10/12,1.87
4/11/12,1.95
4/12/12,1.91
4/13/12,1.91
4/16/12,1.89
4/17/12,1.91
4/18/12,1.87
4/19/12,1.91
4/20/12,1.96
4/23/12,1.95
4/24/12,2.01
4/25/12,2.02
4/26/12,2.04
4/27/12,2.06
4/30/12,2.06
5/1/12,2.06
5/2/12,2.04
5/3/12,2.01
5/4/12,1.93
5/7/12,1.94
5/8/12,1.95
5/9/12,1.94
5/10/12,1.96
5/11/12,1.91
5/14/12,1.91
5/15/12,1.92
5/16/12,1.89
5/17/12,1.87
5/18/12,1.85
5/21/12,1.86
5/22/12,1.87
5/23/12,1.8
5/24/12,1.79
5/25/12,1.78
5/28/12,#N/A
5/29/12,1.76
5/30/12,1.71
5/31/12,1.72
6/1/12,1.65
6/4/12,1.69
6/5/12,1.71
6/6/12,1.73
6/7/12,1.77
6/8/12,1.79
6/11/12,1.79
6/12/12,1.81
6/13/12,1.8
6/14/12,1.79
6/15/12,1.86
6/18/12,1.85
6/19/12,1.87
6/20/12,1.88
6/21/12,1.77
6/22/12,1.74
6/25/12,1.7
6/26/12,1.7
6/27/12,1.68
6/28/12,1.64
6/29/12,1.72
7/2/12,1.71
7/3/12,1.77
7/4/12,#N/A
7/5/12,1.8
7/6/12,1.76
7/9/12,1.77
7/10/12,1.79
7/11/12,1.79
7/12/12,1.76
7/13/12,1.78
7/16/12,1.78
7/17/12,1.78
7/18/12,1.79
7/19/12,1.82
7/20/12,1.77
7/23/12,1.75
7/24/12,1.7
7/25/12,1.68
7/26/12,1.71
7/27/12,1.79
7/30/12,1.78
7/31/12,1.83
8/1/12,1.85
8/2/12,1.83
8/3/12,1.87
8/6/12,1.89
8/7/12,1.95
8/8/12,1.92
8/9/12,1.92
8/10/12,1.9
8/13/12,1.9
8/14/12,1.91
8/15/12,1.89
8/16/12,1.9
8/17/12,1.86
8/20/12,1.84
8/21/12,1.86
8/22/12,1.88
8/23/12,1.96
8/24/12,1.94
8/27/12,1.97
8/28/12,1.98
8/29/12,1.95
8/30/12,1.92
8/31/12,1.95
9/3/12,#N/A
9/4/12,1.97
9/5/12,1.98
9/6/12,2.01
9/7/12,2.03
9/10/12,2.08
9/11/12,2.11
9/12/12,2.12
9/13/12,2.23
9/14/12,2.39
9/17/12,2.31
9/18/12,2.23
9/19/12,2.19
9/20/12,2.21
9/21/12,2.18
9/24/12,2.15
9/25/12,2.15
9/26/12,2.09
9/27/12,2.11
9/28/12,2.11
10/1/12,2.11
10/2/12,2.12
10/3/12,2.18
10/4/12,2.25
10/5/12,2.28
10/8/12,#N/A
10/9/12,2.27
10/10/12,2.23
10/11/12,2.19
10/12/12,2.15
10/15/12,2.19
10/16/12,2.18
10/17/12,2.22
10/18/12,2.22
10/19/12,2.19
10/22/12,2.18
10/23/12,2.15
10/24/12,2.13
10/25/12,2.13
10/26/12,2.08
10/29/12,2.09
10/30/12,#N/A
10/31/12,2.12
11/1/12,2.13
11/2/12,2.12
11/5/12,2.07
11/6/12,2.12
11/7/12,2.08
11/8/12,2.07
11/9/12,2.05
11/12/12,#N/A
11/13/12,2.04
11/14/12,2.02
11/15/12,2
11/16/12,2.01
11/19/12,2.03
11/20/12,2.05
11/21/12,2.05
11/22/12,#N/A
11/23/12,2.06
11/26/12,2.04
11/27/12,2.02
11/28/12,1.99
11/29/12,2
11/30/12,2.01
12/3/12,2.04
12/4/12,2.04
12/5/12,2.06
12/6/12,2.06
12/7/12,2.1
12/10/12,2.05
12/11/12,2.07
12/12/12,2.12
12/13/12,2.12
12/14/12,2.11
12/17/12,2.11
12/18/12,2.14
12/19/12,2.13
12/20/12,2.16
12/21/12,2.1
12/24/12,2.13
12/25/12,#N/A
12/26/12,2.11
12/27/12,2.11
12/28/12,2.06
12/31/12,2.09
1/1/13,#N/A
1/2/13,2.12
1/3/13,2.11
1/4/13,2.13
1/7/13,2.16
1/8/13,2.15
1/9/13,2.18
1/10/13,2.2
1/11/13,2.18
1/14/13,2.12
1/15/13,2.2
1/16/13,2.18
1/17/13,2.19
1/18/13,2.2
1/21/13,#N/A
1/22/13,2.15
1/23/13,2.21
1/24/13,2.22
1/25/13,2.21
1/28/13,2.24
1/29/13,2.27
1/30/13,2.26
1/31/13,2.33
2/1/13,2.34
2/4/13,2.32
2/5/13,2.32
2/6/13,2.32
2/7/13,2.29
2/8/13,2.21
2/11/13,2.26
2/12/13,2.2
2/13/13,2.26
2/14/13,2.22
2/15/13,2.19
2/18/13,#N/A
2/19/13,2.2
2/20/13,2.19
2/21/13,2.19
2/22/13,2.2
2/25/13,2.19
2/26/13,2.18
2/27/13,2.18
2/28/13,2.18
3/1/13,2.2
3/4/13,2.22
3/5/13,2.26
3/6/13,2.27
3/7/13,2.22
3/8/13,2.18
3/11/13,2.28
3/12/13,2.27
3/13/13,2.29
3/14/13,2.31
3/15/13,2.3
3/18/13,2.26
3/19/13,2.25
3/20/13,2.25
3/21/13,2.22
3/22/13,2.23
3/25/13,2.24
3/26/13,2.21
3/27/13,2.22
3/28/13,2.24
3/29/13,#N/A
4/1/13,2.23
4/2/13,2.22
4/3/13,2.18
4/4/13,2.13
4/5/13,2.1
4/8/13,2.14
4/9/13,2.06
4/10/13,2.1
4/11/13,2.12
4/12/13,2.11
4/15/13,2.02
4/16/13,2.02
4/17/13,1.98
4/18/13,2
4/19/13,2.04
4/22/13,2.04
4/23/13,2.04
4/24/13,2.07
4/25/13,2.12
4/26/13,2.11
4/29/13,2.1
4/30/13,2.06
5/1/13,1.98
5/2/13,1.99
5/3/13,2.03
5/6/13,2.05
5/7/13,2.05
5/8/13,2.03
5/9/13,2.02
5/10/13,2.05
5/13/13,2.02
5/14/13,2.03
5/15/13,2.01
5/16/13,1.97
5/17/13,1.98
5/20/13,2
5/21/13,1.99
5/22/13,1.97
5/23/13,1.93
5/24/13,1.93
5/27/13,#N/A
5/28/13,1.96
5/29/13,1.91
5/30/13,1.83
5/31/13,1.87
6/3/13,1.89
6/4/13,1.92
6/5/13,1.88
6/6/13,1.87
6/7/13,1.89
6/10/13,1.85
6/11/13,1.83
6/12/13,1.81
6/13/13,1.8
6/14/13,1.82
6/17/13,1.8
6/18/13,1.84
6/19/13,1.83
6/20/13,1.74
6/21/13,1.66
6/24/13,1.62
6/25/13,1.65
6/26/13,1.67
6/27/13,1.73
6/28/13,1.76
7/1/13,1.8
7/2/13,1.82
7/3/13,1.83
7/4/13,#N/A
7/5/13,1.87
7/8/13,1.87
7/9/13,1.86
7/10/13,1.87
7/11/13,1.82
7/12/13,1.84
7/15/13,1.86
7/16/13,1.89
7/17/13,1.9
7/18/13,1.89
7/19/13,1.91
7/22/13,1.91
7/23/13,1.9
7/24/13,1.87
7/25/13,1.83
7/26/13,1.83
7/29/13,1.81
7/30/13,1.82
7/31/13,1.87
8/1/13,1.94
8/2/13,1.91
8/5/13,1.92
8/6/13,1.94
8/7/13,1.93
8/8/13,1.9
8/9/13,1.91
8/12/13,1.91
8/13/13,1.92
8/14/13,1.86
8/15/13,1.83
8/16/13,1.79
8/19/13,1.76
8/20/13,1.78
8/21/13,1.77
8/22/13,1.77
8/23/13,1.82
8/26/13,1.82
8/27/13,1.86
8/28/13,1.85
8/29/13,1.8
8/30/13,1.78
9/2/13,#N/A
9/3/13,1.76
9/4/13,1.74
9/5/13,1.71
9/6/13,1.71
9/9/13,1.69
9/10/13,1.74
9/11/13,1.76
9/12/13,1.75
9/13/13,1.75
9/16/13,1.76
9/17/13,1.79
9/18/13,1.84
9/19/13,1.83
9/20/13,1.85
9/23/13,1.84
9/24/13,1.77
9/25/13,1.79
9/26/13,1.77
9/27/13,1.76
9/30/13,1.74
10/1/13,1.77
10/2/13,1.8
10/3/13,1.77
10/4/13,1.79
10/7/13,1.79
10/8/13,1.76
10/9/13,1.78
10/10/13,1.81
10/11/13,1.79
10/14/13,#N/A
10/15/13,1.79
10/16/13,1.79
10/17/13,1.77
10/18/13,1.78
10/21/13,1.79
10/22/13,1.76
10/23/13,1.76
10/24/13,1.77
10/25/13,1.77
10/28/13,1.79
10/29/13,1.76
10/30/13,1.77
10/31/13,1.74
11/1/13,1.7
11/4/13,1.71
11/5/13,1.72
11/6/13,1.77
11/7/13,1.76
11/8/13,1.77
11/11/13,#N/A
11/12/13,1.79
11/13/13,1.79
11/14/13,1.8
11/15/13,1.8
11/18/13,1.8
11/19/13,1.77
11/20/13,1.75
11/21/13,1.76
11/22/13,1.76
11/25/13,1.75
11/26/13,1.71
11/27/13,1.71
11/28/13,#N/A
11/29/13,1.69
12/2/13,1.7
12/3/13,1.69
12/4/13,1.64
12/5/13,1.66
12/6/13,1.65
12/9/13,1.63
12/10/13,1.64
12/11/13,1.65
12/12/13,1.65
12/13/13,1.66
12/16/13,1.68
12/17/13,1.69
12/18/13,1.67
12/19/13,1.75
12/20/13,1.64
12/23/13,1.67
12/24/13,1.68
12/25/13,#N/A
12/26/13,1.7
12/27/13,1.68
12/30/13,1.64
12/31/13,1.69
1/1/14,#N/A
1/2/14,1.71
1/3/14,1.69
1/6/14,1.75
1/7/14,1.83
1/8/14,1.76
1/9/14,1.83
1/10/14,1.75
1/13/14,1.71
1/14/14,1.76
1/15/14,1.72
1/16/14,1.74
1/17/14,1.72
1/20/14,#N/A
1/21/14,1.71
1/22/14,1.79
1/23/14,1.72
1/24/14,1.68
1/27/14,1.72
1/28/14,1.71
1/29/14,1.72
1/30/14,1.76
1/31/14,1.72
2/3/14,1.7
2/4/14,1.77
2/5/14,1.78
2/6/14,1.82
2/7/14,1.77
2/10/14,1.79
2/11/14,1.8
2/12/14,1.83
2/13/14,1.77
2/14/14,1.67
2/17/14,#N/A
2/18/14,1.79
2/19/14,1.78
2/20/14,1.78
2/21/14,1.74
2/24/14,1.78
2/25/14,1.78
2/26/14,1.76
2/27/14,1.81
2/28/14,1.79
3/3/14,1.78
3/4/14,1.79
3/5/14,1.8
3/6/14,1.84
3/7/14,1.83
3/10/14,1.88
3/11/14,1.86
3/12/14,1.82
3/13/14,1.75
3/14/14,1.74
3/17/14,1.8
3/18/14,1.77
3/19/14,1.73
3/20/14,1.75
3/21/14,1.79
3/24/14,1.79
3/25/14,1.7
3/26/14,1.75
3/27/14,1.73
3/28/14,1.72
3/31/14,1.7
4/1/14,1.71
4/2/14,1.72
4/3/14,1.68
4/4/14,1.71
4/7/14,1.61
4/8/14,1.71
4/9/14,1.7
4/10/14,1.69
4/11/14,1.64
4/14/14,1.71
4/15/14,1.68
4/16/14,1.73
4/17/14,1.95
4/18/14,#N/A
4/21/14,1.97
4/22/14,1.98
4/23/14,1.98
4/24/14,1.99
4/25/14,1.96
4/28/14,1.95
4/29/14,1.95
4/30/14,1.96
5/1/14,1.96
5/2/14,1.95
5/5/14,1.92
5/6/14,1.91
5/7/14,1.92
5/8/14,1.93
5/9/14,1.92
5/12/14,1.91
5/13/14,1.89
5/14/14,1.92
5/15/14,1.96
5/16/14,1.94
5/19/14,1.93
5/20/14,1.92
5/21/14,1.95
5/22/14,1.97
5/23/14,1.97
5/26/14,#N/A
5/27/14,1.95
5/28/14,1.94
5/29/14,1.96
5/30/14,1.93
6/2/14,1.93
6/3/14,1.92
6/4/14,1.9
6/5/14,1.92
6/6/14,1.93
6/9/14,1.95
6/10/14,1.94
6/11/14,1.94
6/12/14,1.95
6/13/14,1.93
6/16/14,1.92
6/17/14,1.97
6/18/14,1.98
6/19/14,2.02
6/20/14,2.02
6/23/14,2.03
6/24/14,2.05
6/25/14,2.03
6/26/14,2.02
6/27/14,2.03
6/30/14,2
7/1/14,2
7/2/14,2.01
7/3/14,2.03
7/4/14,#N/A
7/7/14,2.01
7/8/14,1.99
7/9/14,1.98
7/10/14,2
7/11/14,1.99
7/14/14,1.99
7/15/14,1.96
7/16/14,1.95
7/17/14,1.97
7/18/14,1.96
7/21/14,1.97
7/22/14,1.93
7/23/14,1.92
7/24/14,1.93
7/25/14,1.95
7/28/14,1.95
7/29/14,1.94
7/30/14,1.96
7/31/14,1.97
8/1/14,1.92
8/4/14,1.9
8/5/14,1.9
8/6/14,1.9
8/7/14,1.89
8/8/14,1.86
8/11/14,1.86
8/12/14,1.87
8/13/14,1.88
8/14/14,1.84
8/15/14,1.83
8/18/14,1.85
8/19/14,1.81
8/20/14,1.83
8/21/14,1.8
8/22/14,1.79
8/25/14,1.78
8/26/14,1.83
8/27/14,1.8
8/28/14,1.77
8/29/14,1.76
9/1/14,#N/A
9/2/14,1.76
9/3/14,1.77
9/4/14,1.76
9/5/14,1.77
9/8/14,1.74
9/9/14,1.71
9/10/14,1.69
9/11/14,1.76
9/12/14,1.75
9/15/14,1.73
9/16/14,1.75
9/17/14,1.63
9/18/14,1.56
9/19/14,1.56
9/22/14,1.6
9/23/14,1.63
9/24/14,1.66
9/25/14,1.62
9/26/14,1.59
9/29/14,1.61
9/30/14,1.56
10/1/14,1.6
10/2/14,1.57
10/3/14,1.56
10/6/14,1.55
10/7/14,1.52
10/8/14,1.54
10/9/14,1.52
10/10/14,1.52
10/13/14,#N/A
10/14/14,1.41
10/15/14,1.37
10/16/14,1.37
10/17/14,1.43
10/20/14,1.45
10/21/14,1.42
10/22/14,1.47
10/23/14,1.43
10/24/14,1.46
10/27/14,1.44
10/28/14,1.47
10/29/14,1.47
10/30/14,1.49
10/31/14,1.53
11/3/14,1.55
11/4/14,1.49
11/5/14,1.54
11/6/14,1.58
11/7/14,1.59
11/10/14,1.58
11/11/14,#N/A
11/12/14,1.53
11/13/14,1.48
11/14/14,1.45
11/17/14,1.42
11/18/14,1.42
11/19/14,1.39
11/20/14,1.41
11/21/14,1.44
11/24/14,1.43
11/25/14,1.47
11/26/14,1.44
11/27/14,#N/A
11/28/14,1.39
12/1/14,1.39
12/2/14,1.36
12/3/14,1.38
12/4/14,1.36
12/5/14,1.35
12/8/14,1.24
12/9/14,1.34
12/10/14,1.27
12/11/14,1.27
12/12/14,1.2
12/15/14,1.17
12/16/14,1.21
12/17/14,1.22
12/18/14,1.2
12/19/14,1.27
12/22/14,1.29
12/23/14,1.3
12/24/14,1.26
12/25/14,#N/A
12/26/14,1.26
12/29/14,1.22
12/30/14,1.21
12/31/14,1.27
1/1/15,#N/A
1/2/15,1.3
1/5/15,1.25
1/6/15,1.16
1/7/15,1.16
1/8/15,1.21
1/9/15,1.2
1/12/15,1.16
1/13/15,1.05
1/14/15,1.18
1/15/15,1.18
1/16/15,1.19
1/19/15,#N/A
1/20/15,1.19
1/21/15,1.17
1/22/15,1.19
1/23/15,1.21
1/26/15,1.24
1/27/15,1.29
1/28/15,1.24
1/29/15,1.31
1/30/15,1.29
2/2/15,1.32
2/3/15,1.4
2/4/15,1.35
2/5/15,1.38
2/6/15,1.36
2/9/15,1.36
2/10/15,1.32
2/11/15,1.32
2/12/15,1.37
2/13/15,1.32
2/16/15,#N/A
2/17/15,1.33
2/18/15,1.32
2/19/15,1.35
2/20/15,1.37
2/23/15,1.34
2/24/15,1.33
2/25/15,1.36
2/26/15,1.49
2/27/15,1.49
3/2/15,1.54
3/3/15,1.57
3/4/15,1.61
3/5/15,1.53
3/6/15,1.55
3/9/15,1.47
3/10/15,1.36
3/11/15,1.45
3/12/15,1.41
3/13/15,1.4
3/16/15,1.27
3/17/15,1.34
3/18/15,1.33
3/19/15,1.49
3/20/15,1.5
3/23/15,1.48
3/24/15,1.53
3/25/15,1.56
3/26/15,1.57
3/27/15,1.54
3/30/15,1.49
3/31/15,1.51
4/1/15,1.58
4/2/15,1.56
4/3/15,1.58
4/6/15,1.6
4/7/15,1.6
4/8/15,1.58
4/9/15,1.59
4/10/15,1.56
4/13/15,1.55
4/14/15,1.55
4/15/15,1.59
4/16/15,1.58
4/17/15,1.65
4/20/15,1.6
4/21/15,1.59
4/22/15,1.6
4/23/15,1.7
4/24/15,1.71
4/27/15,1.71
4/28/15,1.69
4/29/15,1.7
4/30/15,1.72
5/1/15,1.72
5/4/15,1.69
5/5/15,1.72
5/6/15,1.69
5/7/15,1.66
5/8/15,1.66
5/11/15,1.64
5/12/15,1.65
5/13/15,1.67
5/14/15,1.65
5/15/15,1.62
5/18/15,1.64
5/19/15,1.62
5/20/15,1.65
5/21/15,1.63
5/22/15,1.65
5/25/15,#N/A
5/26/15,1.59
5/27/15,1.54
5/28/15,1.53
5/29/15,1.57
6/1/15,1.55
6/2/15,1.59
6/3/15,1.59
6/4/15,1.59
6/5/15,1.64
6/8/15,1.63
6/9/15,1.65
6/10/15,1.66
6/11/15,1.63
6/12/15,1.64
6/15/15,1.64
6/16/15,1.67
6/17/15,1.69
6/18/15,1.67
6/19/15,1.63
6/22/15,1.65
6/23/15,1.67
6/24/15,1.64
6/25/15,1.63
6/26/15,1.66
6/29/15,1.59
6/30/15,1.61
7/1/15,1.6
7/2/15,1.62
7/3/15,#N/A
7/6/15,1.57
7/7/15,1.57
7/8/15,1.54
7/9/15,1.56
7/10/15,1.58
7/13/15,1.56
7/14/15,1.55
7/15/15,1.53
7/16/15,1.52
7/17/15,1.5
7/20/15,1.49
7/21/15,1.49
7/22/15,1.48
7/23/15,1.45
7/24/15,1.4
7/27/15,1.35
7/28/15,1.38
7/29/15,1.4
7/30/15,1.4
7/31/15,1.36
8/3/15,1.31
8/4/15,1.31
8/5/15,1.31
8/6/15,1.31
8/7/15,1.28
8/10/15,1.3
8/11/15,1.27
8/12/15,1.27
8/13/15,1.24
8/14/15,1.25
8/17/15,1.22
8/18/15,1.21
8/19/15,1.17
8/20/15,1.17
8/21/15,1.13
8/24/15,1.11
8/25/15,1.15
8/26/15,1.13
8/27/15,1.2
8/28/15,1.22
8/31/15,1.26
9/1/15,1.18
9/2/15,1.19
9/3/15,1.16
9/4/15,1.14
9/7/15,#N/A
9/8/15,1.15
9/9/15,1.15
9/10/15,1.21
9/11/15,1.21
9/14/15,1.19
9/15/15,1.2
9/16/15,1.21
9/17/15,1.24
9/18/15,1.19
9/21/15,1.19
9/22/15,1.15
9/23/15,1.16
9/24/15,1.11
9/25/15,1.11
9/28/15,1.02
9/29/15,1.03
9/30/15,1.07
10/1/15,1.13
10/2/15,1.15
10/5/15,1.18
10/6/15,1.22
10/7/15,1.22
10/8/15,1.26
10/9/15,1.22
10/12/15,#N/A
10/13/15,1.18
10/14/15,1.15
10/15/15,1.18
10/16/15,1.18
10/19/15,1.13
10/20/15,1.16
10/21/15,1.13
10/22/15,1.14
10/23/15,1.19
10/26/15,1.16
10/27/15,1.15
10/28/15,1.14
10/29/15,1.19
10/30/15,1.2
11/2/15,1.23
11/3/15,1.27
11/4/15,1.26
11/5/15,1.23
11/6/15,1.25
11/9/15,1.28
11/10/15,1.25
11/11/15,#N/A
11/12/15,1.24
11/13/15,1.21
11/16/15,1.2
11/17/15,1.23
11/18/15,1.25
11/19/15,1.27
11/20/15,1.31
11/23/15,1.33
11/24/15,1.33
11/25/15,1.31
11/26/15,#N/A
11/27/15,1.31
11/30/15,1.3
12/1/15,1.29
12/2/15,1.27
12/3/15,1.33
12/4/15,1.3
12/7/15,1.25
12/8/15,1.25
12/9/15,1.21
12/10/15,1.2
12/11/15,1.17
12/14/15,1.17
12/15/15,1.22
12/16/15,1.2
12/17/15,1.21
12/18/15,1.21
12/21/15,1.19
12/22/15,1.19
12/23/15,1.25
12/24/15,1.23
12/25/15,#N/A
12/28/15,1.24
12/29/15,1.28
12/30/15,1.28
12/31/15,1.31
1/1/16,#N/A
1/4/16,1.31
1/5/16,1.31
1/6/16,1.26
1/7/16,1.25
1/8/16,1.23
1/11/16,1.19
1/12/16,1.19
1/13/16,1.18
1/14/16,1.2
1/15/16,1.12
1/18/16,#N/A
1/19/16,1.16
1/20/16,1.1
1/21/16,1.08
1/22/16,1.15
1/25/16,1.15
1/26/16,1.17
1/27/16,1.18
1/28/16,1.2
1/29/16,1.19
2/1/16,1.2
2/2/16,1.14
2/3/16,1.16
2/4/16,1.13
2/5/16,1.07
2/8/16,0.97
2/9/16,0.93
2/10/16,0.95
2/11/16,0.94
2/12/16,1.03
2/15/16,#N/A
2/16/16,1.03
2/17/16,1.04
2/18/16,1.02
2/19/16,1.06
2/22/16,1.11
2/23/16,1.13
2/24/16,1.15
2/25/16,1.18
2/26/16,1.2
2/29/16,1.23
3/1/16,1.29
3/2/16,1.34
3/3/16,1.36
3/4/16,1.36
3/7/16,1.36
3/8/16,1.33
3/9/16,1.37
3/10/16,1.35
3/11/16,1.41
3/14/16,1.38
3/15/16,1.35
3/16/16,1.45
3/17/16,1.46
3/18/16,1.47
3/21/16,1.5
3/22/16,1.48
3/23/16,1.44
3/24/16,1.42
3/25/16,#N/A
3/28/16,1.4
3/29/16,1.47
3/30/16,1.52
3/31/16,1.49
4/1/16,1.49
4/4/16,1.48
4/5/16,1.43
4/6/16,1.43
4/7/16,1.41
4/8/16,1.43
4/11/16,1.41
4/12/16,1.39
4/13/16,1.43
4/14/16,1.42
4/15/16,1.42
4/18/16,1.41
4/19/16,1.46
4/20/16,1.49
4/21/16,1.56
4/22/16,1.56
4/25/16,1.56
4/26/16,1.56
4/27/16,1.57
4/28/16,1.61
4/29/16,1.6
5/2/16,1.58
5/3/16,1.54
5/4/16,1.52
5/5/16,1.52
5/6/16,1.51
5/9/16,1.5
5/10/16,1.53
5/11/16,1.53
5/12/16,1.53
5/13/16,1.52
5/16/16,1.53
5/17/16,1.56
5/18/16,1.54
5/19/16,1.51
5/20/16,1.51
5/23/16,1.49
5/24/16,1.51
5/25/16,1.51
5/26/16,1.51
5/27/16,1.51
5/30/16,#N/A
5/31/16,1.47
6/1/16,1.47
6/2/16,1.48
6/3/16,1.45
6/6/16,1.49
6/7/16,1.51
6/8/16,1.54
6/9/16,1.53
6/10/16,1.49
6/13/16,1.45
6/14/16,1.45
6/15/16,1.47
6/16/16,1.42
6/17/16,1.43
6/20/16,1.43
6/21/16,1.41
6/22/16,1.41
6/23/16,1.47
6/24/16,1.36
6/27/16,1.27
6/28/16,1.32
6/29/16,1.36
6/30/16,1.38
7/1/16,1.43
7/4/16,#N/A
7/5/16,1.39
7/6/16,1.41
7/7/16,1.41
7/8/16,1.39
7/11/16,1.41
7/12/16,1.46
7/13/16,1.43
7/14/16,1.44
7/15/16,1.44
7/18/16,1.41
7/19/16,1.39
7/20/16,1.4
7/21/16,1.38
7/22/16,1.36
7/25/16,1.34
7/26/16,1.33
7/27/16,1.31
7/28/16,1.33
7/29/16,1.31
8/1/16,1.27
8/2/16,1.25
8/3/16,1.28
8/4/16,1.3
8/5/16,1.33
8/8/16,1.34
8/9/16,1.3
8/10/16,1.27
8/11/16,1.32
8/12/16,1.29
8/15/16,1.3
8/16/16,1.28
8/17/16,1.31
8/18/16,1.32
8/19/16,1.34
8/22/16,1.34
8/23/16,1.34
8/24/16,1.32
8/25/16,1.33
8/26/16,1.31
8/29/16,1.29
8/30/16,1.28
8/31/16,1.27
9/1/16,1.24
9/2/16,1.28
9/5/16,#N/A
9/6/16,1.29
9/7/16,1.3
9/8/16,1.34
9/9/16,1.32
9/12/16,1.33
9/13/16,1.31
9/14/16,1.3
9/15/16,1.31
9/16/16,1.34
9/19/16,1.35
9/20/16,1.33
9/21/16,1.37
9/22/16,1.4
9/23/16,1.42
9/26/16,1.4
9/27/16,1.38
9/28/16,1.44
9/29/16,1.44
9/30/16,1.45
10/3/16,1.47
10/4/16,1.45
10/5/16,1.48
10/6/16,1.49
10/7/16,1.5
10/10/16,#N/A
10/11/16,1.51
10/12/16,1.51
10/13/16,1.5
10/14/16,1.53
10/17/16,1.55
10/18/16,1.54
10/19/16,1.56
10/20/16,1.56
10/21/16,1.56
10/24/16,1.53
10/25/16,1.57
10/26/16,1.58
10/27/16,1.57
10/28/16,1.6
10/31/16,1.59
11/1/16,1.59
11/2/16,1.55
11/3/16,1.52
11/4/16,1.52
11/7/16,1.56
11/8/16,1.57
11/9/16,1.67
11/10/16,1.7
11/11/16,#N/A
11/14/16,1.65
11/15/16,1.67
11/16/16,1.66
11/17/16,1.71
11/18/16,1.74
11/21/16,1.74
11/22/16,1.75
11/23/16,1.74
11/24/16,#N/A
11/25/16,1.74
11/28/16,1.69
11/29/16,1.69
11/30/16,1.77
12/1/16,1.81
12/2/16,1.76
12/5/16,1.79
12/6/16,1.8
12/7/16,1.78
12/8/16,1.83
12/9/16,1.83
12/12/16,1.86
12/13/16,1.86
12/14/16,1.82
12/15/16,1.78
12/16/16,1.75
12/19/16,1.74
12/20/16,1.8
12/21/16,1.74
12/22/16,1.86
12/23/16,1.84
12/26/16,#N/A
12/27/16,1.88
12/28/16,1.85
12/29/16,1.81
12/30/16,1.84
1/2/17,#N/A
1/3/17,1.86
1/4/17,1.86
1/5/17,1.83
1/6/17,1.84
1/9/17,1.85
1/10/17,1.84
1/11/17,1.85
1/12/17,1.87
1/13/17,1.85
1/16/17,#N/A
1/17/17,1.84
1/18/17,1.86
1/19/17,1.9
1/20/17,1.92
1/23/17,1.86
1/24/17,1.93
1/25/17,1.96
1/26/17,1.94
1/27/17,1.96
1/30/17,1.95
1/31/17,1.94
2/1/17,1.92
2/2/17,1.93
2/3/17,1.91
2/6/17,1.91
2/7/17,1.87
2/8/17,1.82
2/9/17,1.86
2/10/17,1.87
2/13/17,1.87
2/14/17,1.87
2/15/17,1.93
2/16/17,1.9
2/17/17,1.85
2/20/17,#N/A
2/21/17,1.87
2/22/17,1.92
2/23/17,1.9
2/24/17,1.9
2/27/17,1.86
2/28/17,1.89
3/1/17,1.84
3/2/17,1.84
3/3/17,1.92
3/6/17,1.9
3/7/17,1.92
3/8/17,1.9
3/9/17,1.89
3/10/17,1.9
3/13/17,1.86
3/14/17,1.88
3/15/17,1.84
3/16/17,1.87
3/17/17,1.89
3/20/17,1.86
3/21/17,1.8
3/22/17,1.79
3/23/17,1.75
3/24/17,1.73
3/27/17,1.75
3/28/17,1.73
3/29/17,1.8
3/30/17,1.81
3/31/17,1.77
4/3/17,1.73
4/4/17,1.77
4/5/17,1.77
4/6/17,1.71
4/7/17,1.7
4/10/17,1.69
4/11/17,1.7
4/12/17,1.69
4/13/17,1.74
4/14/17,#N/A
4/17/17,1.69
4/18/17,1.65
4/19/17,1.66
4/20/17,1.82
4/21/17,1.79
4/24/17,1.81
4/25/17,1.85
4/26/17,1.83
4/27/17,1.81
4/28/17,1.81
5/1/17,1.8
5/2/17,1.77
5/3/17,1.76
5/4/17,1.72
5/5/17,1.75
5/8/17,1.75
5/9/17,1.74
5/10/17,1.78
5/11/17,1.82
5/12/17,1.75
5/15/17,1.74
5/16/17,1.74
5/17/17,1.7
5/18/17,1.72
5/19/17,1.75
5/22/17,1.75
5/23/17,1.77
5/24/17,1.73
5/25/17,1.7
5/26/17,1.73
5/29/17,#N/A
5/30/17,1.73
5/31/17,1.72
6/1/17,1.73
6/2/17,1.72
6/5/17,1.72
6/6/17,1.71
6/7/17,1.69
6/8/17,1.69
6/9/17,1.68
6/12/17,1.67
6/13/17,1.67
6/14/17,1.59
6/15/17,1.56
6/16/17,1.56
6/19/17,1.56
6/20/17,1.54
6/21/17,1.54
6/22/17,1.57
6/23/17,1.59
6/26/17,1.61
6/27/17,1.62
6/28/17,1.65
6/29/17,1.62
6/30/17,1.63
7/3/17,1.66
7/4/17,#N/A
7/5/17,1.65
7/6/17,1.66
7/7/17,1.63
7/10/17,1.6
7/11/17,1.61
7/12/17,1.63
7/13/17,1.64
7/14/17,1.62
7/17/17,1.64
7/18/17,1.62
7/19/17,1.65
7/20/17,1.62
7/21/17,1.62
7/24/17,1.62
7/25/17,1.67
7/26/17,1.66
7/27/17,1.68
7/28/17,1.68
7/31/17,1.67
8/1/17,1.62
8/2/17,1.63
8/3/17,1.62
8/4/17,1.65
8/7/17,1.65
8/8/17,1.69
8/9/17,1.7
8/10/17,1.68
8/11/17,1.64
8/14/17,1.59
8/15/17,1.63
8/16/17,1.62
8/17/17,1.61
8/18/17,1.61
8/21/17,1.59
8/22/17,1.61
8/23/17,1.58
8/24/17,1.6
8/25/17,1.57
8/28/17,1.56
8/29/17,1.54
8/30/17,1.57
8/31/17,1.58
9/1/17,1.63
9/4/17,#N/A
9/5/17,1.58
9/6/17,1.6
9/7/17,1.61
9/8/17,1.63
9/11/17,1.63
9/12/17,1.67
9/13/17,1.68
9/14/17,1.7
9/15/17,1.72
9/18/17,1.74
9/19/17,1.74
9/20/17,1.71
9/21/17,1.7
9/22/17,1.71
9/25/17,1.72
9/26/17,1.72
9/27/17,1.74
9/28/17,1.73
9/29/17,1.68
10/2/17,1.73
10/3/17,1.68
10/4/17,1.73
10/5/17,1.74
10/6/17,1.78
10/9/17,#N/A
10/10/17,1.75
10/11/17,1.75
10/12/17,1.79
10/13/17,1.71
10/16/17,1.66
10/17/17,1.69
10/18/17,1.69
10/19/17,1.66
10/20/17,1.76
10/23/17,1.69
10/24/17,1.73
10/25/17,1.74
10/26/17,1.76
10/27/17,1.76
10/30/17,1.77
10/31/17,1.79
11/1/17,1.71
11/2/17,1.79
11/3/17,1.74
11/6/17,1.77
11/7/17,1.8
11/8/17,1.77
11/9/17,1.8
11/10/17,1.78
11/13/17,1.79
11/14/17,1.79
11/15/17,1.78
11/16/17,1.79
11/17/17,1.75
11/20/17,1.74
11/21/17,1.75
11/22/17,1.75
11/23/17,#N/A
11/24/17,1.71
11/27/17,1.69
11/28/17,1.69
11/29/17,1.69
11/30/17,1.73
12/1/17,1.72
12/4/17,1.76
12/5/17,1.69
12/6/17,1.74
12/7/17,1.74
12/8/17,1.71
12/11/17,1.76
12/12/17,1.78
12/13/17,1.74
12/14/17,1.76
12/15/17,1.77
12/18/17,1.71
12/19/17,1.74
12/20/17,1.74
12/21/17,1.84
12/22/17,1.82
12/25/17,#N/A
12/26/17,1.76
12/27/17,1.82
12/28/17,1.86
12/29/17,1.86
1/1/18,#N/A
1/2/18,1.9
1/3/18,1.87
1/4/18,1.92
1/5/18,1.95
1/8/18,1.91
1/9/18,1.95
1/10/18,1.94
1/11/18,1.89
1/12/18,1.92
1/15/18,#N/A
1/16/18,1.94
1/17/18,1.9
1/18/18,1.99
1/19/18,2
1/22/18,2
1/23/18,1.92
1/24/18,1.96
1/25/18,1.91
1/26/18,1.93
1/29/18,1.92
1/30/18,1.97
1/31/18,1.98
2/1/18,1.93
2/2/18,1.93
2/5/18,1.95
2/6/18,1.88
2/7/18,1.9
2/8/18,1.89
2/9/18,1.83
2/12/18,1.84
2/13/18,1.88
2/14/18,1.91
2/15/18,2
2/16/18,2
2/19/18,#N/A
2/20/18,2.04
2/21/18,2.06
2/22/18,2.06
2/23/18,2.04
2/26/18,2.07
2/27/18,2.09
2/28/18,2.04
3/1/18,2.03
3/2/18,2.03
3/5/18,2.05
3/6/18,2.1
3/7/18,2.1
3/8/18,2.08
3/9/18,1.96
3/12/18,2.02
3/13/18,2.05
3/14/18,2.04
3/15/18,2.07
3/16/18,2.05
3/19/18,2.04
3/20/18,2.05
3/21/18,1.96
3/22/18,2.03
3/23/18,2.01
3/26/18,2.01
3/27/18,1.94
3/28/18,1.91
3/29/18,1.92
3/30/18,#N/A
4/2/18,1.99
4/3/18,1.99
4/4/18,2.04
4/5/18,1.93
4/6/18,2.01
4/9/18,2.02
4/10/18,2
4/11/18,2.06
4/12/18,2.05
4/13/18,2.01
4/16/18,2.08
4/17/18,2.01
4/18/18,2.04
4/19/18,2.12
4/20/18,2.1
4/23/18,2.11
4/24/18,2.1
4/25/18,2.09
4/26/18,2.1
4/27/18,2.09
4/30/18,2.1
5/1/18,2.09
5/2/18,2.09
5/3/18,2.09
5/4/18,2.09
5/7/18,2.11
5/8/18,2.1
5/9/18,2.13
5/10/18,2.12
5/11/18,2.13
5/14/18,2.12
5/15/18,2.15
5/16/18,2.16
5/17/18,2.16
5/18/18,2.14
5/21/18,2.15
5/22/18,2.13
5/23/18,2.12
5/24/18,2.11
5/25/18,2.04
5/28/18,#N/A
5/29/18,1.98
5/30/18,2
5/31/18,2.03
6/1/18,2.06
6/4/18,2.06
6/5/18,2.05
6/6/18,2.06
6/7/18,2.08
6/8/18,2.06
6/11/18,2.08
6/12/18,2.07
6/13/18,2.09
6/14/18,2.07
6/15/18,2.08
6/18/18,2.08
6/19/18,2.07
6/20/18,2.06
6/21/18,2.05
6/22/18,2.07
6/25/18,2.06
6/26/18,2.07
6/27/18,2.07
6/28/18,2.07
6/29/18,2.06
7/2/18,2.07
7/3/18,2.08
7/4/18,#N/A
7/5/18,2.1
7/6/18,2.08
7/9/18,2.1
7/10/18,2.09
7/11/18,2.07
7/12/18,2.06
7/13/18,2.07
7/16/18,2.05
7/17/18,2.03
7/18/18,2.03
7/19/18,2.01
7/20/18,2.02
7/23/18,2.01
7/24/18,2
7/25/18,2.01
7/26/18,2
7/27/18,2
7/30/18,2.01
7/31/18,2
8/1/18,2
8/2/18,1.99
8/3/18,2
8/6/18,1.98
8/7/18,2
8/8/18,1.98
8/9/18,1.97
8/10/18,1.98
8/13/18,1.99
8/14/18,1.99
8/15/18,1.97
8/16/18,1.97
8/17/18,1.96
8/20/18,1.95
8/21/18,1.97
8/22/18,1.96
8/23/18,1.99
8/24/18,1.99
8/27/18,2
8/28/18,1.99
8/29/18,2
8/30/18,1.99
8/31/18,1.98
9/3/18,#N/A
9/4/18,1.99
9/5/18,1.98
9/6/18,1.97
9/7/18,1.98
9/10/18,1.98
9/11/18,2.01
9/12/18,2.02
9/13/18,1.98
9/14/18,2
9/17/18,1.99
9/18/18,2.01
9/19/18,2.02
9/20/18,2.02
9/21/18,2.02
9/24/18,2.03
9/25/18,2.05
9/26/18,2.04
9/27/18,2.04
9/28/18,2.03
10/1/18,2.04
10/2/18,2.03
10/3/18,2.07
10/4/18,2.06
10/5/18,2.05
10/8/18,#N/A
10/9/18,2.05
10/10/18,2.04
10/11/18,1.99
10/12/18,1.99
10/15/18,2
10/16/18,2.01
10/17/18,2
10/18/18,1.99
10/19/18,1.98
10/22/18,1.98
10/23/18,1.94
10/24/18,1.93
10/25/18,1.91
10/26/18,1.93
10/29/18,1.92
10/30/18,1.91
10/31/18,1.9
11/1/18,1.88
11/2/18,1.91
11/5/18,1.91
11/6/18,1.92
11/7/18,1.93
11/8/18,1.92
11/9/18,1.9
11/12/18,#N/A
11/13/18,1.88
11/14/18,1.85
11/15/18,1.85
11/16/18,1.88
11/19/18,1.85
11/20/18,1.82
11/21/18,1.81
11/22/18,#N/A
11/23/18,1.77
11/26/18,1.78
11/27/18,1.73
11/28/18,1.74
11/29/18,1.79
11/30/18,1.77
12/3/18,1.76
12/4/18,1.74
12/5/18,#N/A
12/6/18,1.69
12/7/18,1.68
12/10/18,1.65
12/11/18,1.62
12/12/18,1.62
12/13/18,1.62
12/14/18,1.6
12/17/18,1.58
12/18/18,1.58
12/19/18,1.56
12/20/18,1.53
12/21/18,1.55
12/24/18,1.52
12/25/18,#N/A
12/26/18,1.57
12/27/18,1.53
12/28/18,1.52
12/31/18,1.51
1/1/19,#N/A
1/2/19,1.49
1/3/19,1.49
1/4/19,1.58
1/7/19,1.61
1/8/19,1.66
1/9/19,1.68
1/10/19,1.65
1/11/19,1.66
1/14/19,1.64
1/15/19,1.63
1/16/19,1.64
1/17/19,1.64
1/18/19,1.67
1/21/19,#N/A
1/22/19,1.63
1/23/19,1.64
1/24/19,1.62
1/25/19,1.64
1/28/19,1.62
1/29/19,1.62
1/30/19,1.68
1/31/19,1.7
2/1/19,1.72
2/4/19,1.72
2/5/19,1.72
2/6/19,1.71
2/7/19,1.69
2/8/19,1.69
2/11/19,1.69
2/12/19,1.71
2/13/19,1.76
2/14/19,1.74
2/15/19,1.75
2/18/19,#N/A
2/19/19,1.76
2/20/19,1.79
2/21/19,1.8
2/22/19,1.82
2/25/19,1.82
2/26/19,1.82
2/27/19,1.84
2/28/19,1.84
3/1/19,1.85
3/4/19,1.84
3/5/19,1.83
3/6/19,1.81
3/7/19,1.8
3/8/19,1.8
3/11/19,1.82
3/12/19,1.81
3/13/19,1.84
3/14/19,1.85
3/15/19,1.86
3/18/19,1.88
3/19/19,1.85
3/20/19,1.88
3/21/19,1.86
3/22/19,1.8
3/25/19,1.77
3/26/19,1.75
3/27/19,1.74
3/28/19,1.72
3/29/19,1.78
4/1/19,1.82
4/2/19,1.81
4/3/19,1.81
4/4/19,1.81
4/5/19,1.79
4/8/19,1.81
4/9/19,1.8
4/10/19,1.83
4/11/19,1.82
4/12/19,1.86
4/15/19,1.85
4/16/19,1.86
4/17/19,1.84
4/18/19,1.86
4/19/19,#N/A
4/22/19,1.87
4/23/19,1.87
4/24/19,1.87
4/25/19,1.86
4/26/19,1.86
4/29/19,1.86
4/30/19,1.85
5/1/19,1.83
5/2/19,1.78
5/3/19,1.8
5/6/19,1.81
5/7/19,1.76
5/8/19,1.75
5/9/19,1.73
5/10/19,1.75
5/13/19,1.73
5/14/19,1.75
5/15/19,1.74
5/16/19,1.75
5/17/19,1.71
5/20/19,1.71
5/21/19,1.72
5/22/19,1.68
5/23/19,1.62
5/24/19,1.62
5/27/19,#N/A
5/28/19,1.58
5/29/19,1.59
5/30/19,1.59
5/31/19,1.58
6/3/19,1.56
6/4/19,1.59
6/5/19,1.59
6/6/19,1.58
6/7/19,1.61
6/10/19,1.6
6/11/19,1.57
6/12/19,1.53
6/13/19,1.51
6/14/19,1.48
6/17/19,1.45
6/18/19,1.49
6/19/19,1.53
6/20/19,1.58
6/21/19,1.6
6/24/19,1.57
6/25/19,1.52
6/26/19,1.56
6/27/19,1.53
6/28/19,1.53
7/1/19,1.53
7/2/19,1.5
7/3/19,1.51
7/4/19,#N/A
7/5/19,1.55
7/8/19,1.55
7/9/19,1.56
7/10/19,1.59
7/11/19,1.63
7/12/19,1.62
7/15/19,1.61
7/16/19,1.63
7/17/19,1.6
7/18/19,1.6
7/19/19,1.6
7/22/19,1.59
7/23/19,1.61
7/24/19,1.59
7/25/19,1.6
7/26/19,1.57
7/29/19,1.57
7/30/19,1.58
7/31/19,1.56
8/1/19,1.47
8/2/19,1.45
8/5/19,1.39
8/6/19,1.4
8/7/19,1.38
8/8/19,1.43
8/9/19,1.44
8/12/19,1.39
8/13/19,1.44
8/14/19,1.36
8/15/19,1.34
8/16/19,1.34
8/19/19,1.36
8/20/19,1.34
8/21/19,1.34
8/22/19,1.35
8/23/19,1.35
8/26/19,1.34
8/27/19,1.36
8/28/19,1.36
8/29/19,1.39
8/30/19,1.35
9/2/19,#N/A
9/3/19,1.29
9/4/19,1.31
9/5/19,1.35
9/6/19,1.35
9/9/19,1.38
9/10/19,1.4
9/11/19,1.4
9/12/19,1.43
9/13/19,1.46
9/16/19,1.48
9/17/19,1.46
9/18/19,1.4
9/19/19,1.41
9/20/19,1.42
9/23/19,1.42
9/24/19,1.39
9/25/19,1.41
9/26/19,1.4
9/27/19,1.36
9/30/19,1.35
10/1/19,1.33
10/2/19,1.29
10/3/19,1.25
10/4/19,1.27
10/7/19,1.27
10/8/19,1.25
10/9/19,1.24
10/10/19,1.29
10/11/19,1.34
10/14/19,#N/A
10/15/19,1.33
10/16/19,1.35
10/17/19,1.52
10/18/19,1.52
10/21/19,1.53
10/22/19,1.53
10/23/19,1.52
10/24/19,1.52
10/25/19,1.55
10/28/19,1.53
10/29/19,1.51
10/30/19,1.47
10/31/19,1.44
11/1/19,1.5
11/4/19,1.56
11/5/19,1.58
11/6/19,1.57
11/7/19,1.61
11/8/19,1.63
11/11/19,#N/A
11/12/19,1.6
11/13/19,1.58
11/14/19,1.54
11/15/19,1.52
11/18/19,1.54
11/19/19,1.53
11/20/19,1.51
11/21/19,1.53
11/22/19,1.53
11/25/19,1.53
11/26/19,1.52
11/27/19,1.54
11/28/19,#N/A
11/29/19,1.5
12/2/19,1.54
12/3/19,1.51
12/4/19,1.54
12/5/19,1.55
12/6/19,1.59
12/9/19,1.59
12/10/19,1.59
12/11/19,1.6
12/12/19,1.62
12/13/19,1.62
12/16/19,1.64
12/17/19,1.65
12/18/19,1.68
12/19/19,1.68
12/20/19,1.67
12/23/19,1.67
12/24/19,1.67
12/25/19,#N/A
12/26/19,1.66
12/27/19,1.64
12/30/19,1.66
12/31/19,1.68
1/1/20,#N/A
1/2/20,1.72
1/3/20,1.69
1/6/20,1.69
1/7/20,1.67
1/8/20,1.68
1/9/20,1.67
1/10/20,1.67
1/13/20,1.7
1/14/20,1.7
1/15/20,1.67
1/16/20,1.68
1/17/20,1.68
1/20/20,#N/A
1/21/20,1.66
1/22/20,1.64
1/23/20,1.64
1/24/20,1.62
1/27/20,1.56
1/28/20,1.59
1/29/20,1.58
1/30/20,1.59
1/31/20,1.6
2/3/20,1.56
2/4/20,1.58
2/5/20,1.61
2/6/20,1.61
2/7/20,1.61
2/10/20,1.62
2/11/20,1.6
2/12/20,1.64
2/13/20,1.65
2/14/20,1.64
2/17/20,#N/A
2/18/20,1.64
2/19/20,1.65
2/20/20,1.63
2/21/20,1.6
2/24/20,1.57
2/25/20,1.52
2/26/20,1.5
2/27/20,1.48
2/28/20,1.33
3/2/20,1.32
3/3/20,1.34
3/4/20,1.34
3/5/20,1.28
3/6/20,1.14
3/9/20,0.8
3/10/20,0.77
3/11/20,0.69
3/12/20,0.63
3/13/20,0.53
3/16/20,0.3
3/17/20,0.16
3/18/20,0.16
3/19/20,0.14
3/20/20,0.31
3/23/20,0.37
3/24/20,0.55
3/25/20,0.69
3/26/20,0.72
3/27/20,0.54
3/30/20,0.57
3/31/20,0.49
4/1/20,0.56
4/2/20,0.73
4/3/20,0.78
4/6/20,0.85
4/7/20,0.86
4/8/20,0.87
4/9/20,0.9
4/10/20,#N/A
4/13/20,0.94
4/14/20,0.94
4/15/20,0.87
4/16/20,0.7
4/17/20,0.67
4/20/20,0.56
4/21/20,0.58
4/22/20,0.69
4/23/20,0.67
4/24/20,0.72
4/27/20,0.78
4/28/20,0.76
4/29/20,0.78
4/30/20,0.72
5/1/20,0.68
5/4/20,0.69
5/5/20,0.71
5/6/20,0.71
5/7/20,0.7
5/8/20,0.74
5/11/20,0.75
5/12/20,0.72
5/13/20,0.71
5/14/20,0.71
5/15/20,0.75
5/18/20,0.84
5/19/20,0.82
5/20/20,0.83
5/21/20,0.81
5/22/20,0.8
5/25/20,#N/A
5/26/20,0.82
5/27/20,0.82
5/28/20,0.86
5/29/20,0.83
6/1/20,0.84
6/2/20,0.84
6/3/20,0.88
6/4/20,0.88
6/5/20,0.95
6/8/20,0.98
6/9/20,0.98
6/10/20,1
6/11/20,0.95
6/12/20,0.95
6/15/20,0.98
6/16/20,1.02
6/17/20,1.01
6/18/20,1.12
6/19/20,1.06
6/22/20,1.11
6/23/20,1.14
6/24/20,1.1
6/25/20,1.11
6/26/20,1.11
6/29/20,1.14
6/30/20,1.16
7/1/20,1.17
7/2/20,1.21
7/3/20,#N/A
7/6/20,1.28
7/7/20,1.26
7/8/20,1.25
7/9/20,1.22
7/10/20,1.25
7/13/20,1.27
7/14/20,1.27
7/15/20,1.28
7/16/20,1.3
7/17/20,1.35
7/20/20,1.37
7/21/20,1.4
7/22/20,1.4
7/23/20,1.37
7/24/20,1.35
7/27/20,1.38
7/28/20,1.36
7/29/20,1.38
7/30/20,1.37
7/31/20,1.4
8/3/20,1.46
8/4/20,1.45
8/5/20,1.52
8/6/20,1.53
8/7/20,1.5
8/10/20,1.49
8/11/20,1.5
8/12/20,1.56
8/13/20,1.56
8/14/20,1.53
8/17/20,1.54
8/18/20,1.55
8/19/20,1.55
8/20/20,1.48
8/21/20,1.52
8/24/20,1.57
8/25/20,1.6
8/26/20,1.63
8/27/20,1.65
8/28/20,1.68
8/31/20,1.69
9/1/20,1.65
9/2/20,1.61
9/3/20,1.53
9/4/20,1.57
9/7/20,#N/A
9/8/20,1.55
9/9/20,1.57
9/10/20,1.54
9/11/20,1.53
9/14/20,1.54
9/15/20,1.54
9/16/20,1.57
9/17/20,1.57
9/18/20,1.58
9/21/20,1.5
9/22/20,1.5
9/23/20,1.48
9/24/20,1.45
9/25/20,1.43
9/28/20,1.48
9/29/20,1.49
9/30/20,1.5
10/1/20,1.48
10/2/20,1.48
10/5/20,1.52
10/6/20,1.51
10/7/20,1.54
10/8/20,1.56
10/9/20,1.56
10/12/20,#N/A
10/13/20,1.52
10/14/20,1.52
10/15/20,1.52
10/16/20,1.53
10/19/20,1.53
10/20/20,1.53
10/21/20,1.56
10/22/20,1.68
10/23/20,1.66
10/26/20,1.63
10/27/20,1.64
10/28/20,1.61
10/29/20,1.61
10/30/20,1.59
11/2/20,1.6
11/3/20,1.62
11/4/20,1.56
11/5/20,1.55
11/6/20,1.54
11/9/20,1.63
11/10/20,1.69
11/11/20,#N/A
11/12/20,1.63
11/13/20,1.64
11/16/20,1.64
11/17/20,1.63
11/18/20,1.63
11/19/20,1.62
11/20/20,1.61
11/23/20,1.62
11/24/20,1.65
11/25/20,1.67
11/26/20,#N/A
11/27/20,1.67
11/30/20,1.68
12/1/20,1.72
12/2/20,1.76
12/3/20,1.78
12/4/20,1.83
12/7/20,1.84
12/8/20,1.84
12/9/20,1.84
12/10/20,1.83
12/11/20,1.82
12/14/20,1.84
12/15/20,1.86
12/16/20,1.9
12/17/20,1.9
12/18/20,1.92
12/21/20,1.9
12/22/20,1.92
12/23/20,1.93
12/24/20,1.92
12/25/20,#N/A
12/28/20,1.92
12/29/20,1.9
12/30/20,1.92
12/31/20,1.95
1/1/21,#N/A
1/4/21,1.98
1/5/21,2.01
1/6/21,2.04
1/7/21,2.09
1/8/21,2.07
1/11/21,2.04
1/12/21,2.06
1/13/21,2.04
1/14/21,2.09
1/15/21,2.09
1/18/21,#N/A
1/19/21,2.12
1/20/21,2.15
1/21/21,2.18
1/22/21,2.16
1/25/21,2.15
1/26/21,2.15
1/27/21,2.15
1/28/21,2.18
1/29/21,2.21
2/1/21,2.18
2/2/21,2.23
2/3/21,2.27
2/4/21,2.25
2/5/21,2.28
2/8/21,2.31
2/9/21,2.31
2/10/21,2.31
2/11/21,2.32
2/12/21,2.35
2/15/21,#N/A
2/16/21,2.37
2/17/21,2.35
2/18/21,2.29
2/19/21,2.29
2/22/21,2.35
2/23/21,2.35
2/24/21,2.38
2/25/21,2.34
2/26/21,2.39
3/1/21,2.4
3/2/21,2.43
3/3/21,2.45
3/4/21,2.43
3/5/21,2.43
3/8/21,2.42
3/9/21,2.41
3/10/21,2.47
3/11/21,2.51
3/12/21,2.51
3/15/21,2.54
3/16/21,2.59
3/17/21,2.58
3/18/21,2.5
3/19/21,2.51
3/22/21,2.51
3/23/21,2.48
3/24/21,2.53
3/25/21,2.54
3/26/21,2.57
3/29/21,2.56
3/30/21,2.52
3/31/21,2.54
4/1/21,2.55
4/2/21,2.58
4/5/21,2.55
4/6/21,2.52
4/7/21,2.53
4/8/21,2.55
4/9/21,2.51
4/12/21,2.52
4/13/21,2.54
4/14/21,2.56
4/15/21,2.55
4/16/21,2.57
4/19/21,2.56
4/20/21,2.52
4/21/21,2.53
4/22/21,2.42
4/23/21,2.44
4/26/21,2.47
4/27/21,2.51
4/28/21,2.54
4/29/21,2.56
4/30/21,2.57
5/3/21,2.6
5/4/21,2.62
5/5/21,2.68
5/6/21,2.66
5/7/21,2.65
5/10/21,2.71
5/11/21,2.68
5/12/21,2.72
5/13/21,2.65
5/14/21,2.68
5/17/21,2.72
5/18/21,2.72
5/19/21,2.66
5/20/21,2.59
5/21/21,2.62
5/24/21,2.64
5/25/21,2.63
5/26/21,2.6
5/27/21,2.59
5/28/21,2.57
5/31/21,#N/A
6/1/21,2.6
6/2/21,2.59
6/3/21,2.56
6/4/21,2.54
6/7/21,2.51
6/8/21,2.47
6/9/21,2.41
6/10/21,2.47
6/11/21,2.43
6/14/21,2.44
6/15/21,2.46
6/16/21,2.41
6/17/21,2.31
6/18/21,2.37
6/21/21,2.41
6/22/21,2.46
6/23/21,2.49
6/24/21,2.45
6/25/21,2.46
6/28/21,2.45
6/29/21,2.46
6/30/21,2.47
7/1/21,2.49
7/2/21,2.49
7/5/21,#N/A
7/6/21,2.48
7/7/21,2.43
7/8/21,2.38
7/9/21,2.44
7/12/21,2.48
7/13/21,2.56
7/14/21,2.53
7/15/21,2.53
7/16/21,2.52
7/19/21,2.41
7/20/21,2.4
7/21/21,2.45
7/22/21,2.46
7/23/21,2.53
7/26/21,2.59
7/27/21,2.55
7/28/21,2.57
7/29/21,2.58
7/30/21,2.56
8/2/21,2.51
8/3/21,2.51
8/4/21,2.5
8/5/21,2.46
8/6/21,2.5
8/9/21,2.5
8/10/21,2.53
8/11/21,2.55
8/12/21,2.55
8/13/21,2.52
8/16/21,2.5
8/17/21,2.49
8/18/21,2.48
8/19/21,2.45
8/20/21,2.4
8/23/21,2.43
8/24/21,2.45
8/25/21,2.51
8/26/21,2.5
8/27/21,2.53
8/30/21,2.51
8/31/21,2.48
9/1/21,2.48
9/2/21,2.47
9/3/21,2.48
9/6/21,#N/A
9/7/21,2.51
9/8/21,2.53
9/9/21,2.55
9/10/21,2.55
9/13/21,2.53
9/14/21,2.49
9/15/21,2.51
9/16/21,2.53
9/17/21,2.51
9/20/21,2.43
9/21/21,2.44
9/22/21,2.41
9/23/21,2.48
9/24/21,2.47
9/27/21,2.5
9/28/21,2.53
9/29/21,2.52
9/30/21,2.51
10/1/21,2.51
10/4/21,2.53
10/5/21,2.59
10/6/21,2.57
10/7/21,2.61
10/8/21,2.64
10/11/21,#N/A
10/12/21,2.64
10/13/21,2.68
10/14/21,2.69
10/15/21,2.71
10/18/21,2.71
10/19/21,2.71
10/20/21,2.77
10/21/21,2.94
10/22/21,2.91
10/25/21,2.95
10/26/21,2.99
10/27/21,2.96
10/28/21,2.9
10/29/21,2.89
11/1/21,2.86
11/2/21,2.84
11/3/21,2.86
11/4/21,2.88
11/5/21,2.87
11/8/21,2.94
11/9/21,2.96
11/10/21,3.08
11/11/21,#N/A
11/12/21,3.11
11/15/21,3.17
11/16/21,3.17
11/17/21,3.14
11/18/21,3.11
11/19/21,3.02
11/22/21,2.98
11/23/21,3
11/24/21,3.03
11/25/21,#N/A
11/26/21,2.92
11/29/21,2.91
11/30/21,2.8
12/1/21,2.7
12/2/21,2.73
12/3/21,2.72
12/6/21,2.79
12/7/21,2.84
12/8/21,2.88
12/9/21,2.8
12/10/21,2.76
12/13/21,2.73
12/14/21,2.66
12/15/21,2.67
12/16/21,2.7
12/17/21,2.65
12/20/21,2.65
12/21/21,2.69
12/22/21,2.7
12/23/21,2.72
12/24/21,#N/A
12/27/21,2.75
12/28/21,2.78
12/29/21,2.83
12/30/21,2.86
12/31/21,2.87
1/3/22,2.95
1/4/22,2.93
1/5/22,2.87
1/6/22,2.77
1/7/22,2.78
1/10/22,2.77
1/11/22,2.87
1/12/22,2.82
1/13/22,2.77
1/14/22,2.79
1/17/22,#N/A
1/18/22,2.8
1/19/22,2.73
1/20/22,2.74
1/21/22,2.7
1/24/22,2.74
1/25/22,2.78
1/26/22,2.75
1/27/22,2.76
1/28/22,2.8
1/31/22,2.82
2/1/22,2.8
2/2/22,2.79
2/3/22,2.76
2/4/22,2.78
2/7/22,2.75
2/8/22,2.77
2/9/22,2.78
2/10/22,2.81
2/11/22,2.82
2/14/22,2.91
2/15/22,2.89
2/16/22,2.87
2/17/22,2.87
2/18/22,2.86
2/21/22,#N/A
2/22/22,2.89
2/23/22,3.01
2/24/22,3.05
2/25/22,3.02
2/28/22,3.11
3/1/22,3.14
3/2/22,3.23
3/3/22,3.17
3/4/22,3.19
3/7/22,3.29
3/8/22,3.43
3/9/22,3.33
3/10/22,3.42
3/11/22,3.52
3/14/22,3.5
3/15/22,3.42
3/16/22,3.34
3/17/22,3.51
3/18/22,3.48
3/21/22,3.52
3/22/22,3.52
3/23/22,3.57
3/24/22,3.57
3/25/22,3.59
3/28/22,3.56
3/29/22,3.4
3/30/22,3.41
3/31/22,3.34
4/1/22,3.28
4/4/22,3.28
4/5/22,3.31
4/6/22,3.28
4/7/22,3.26
4/8/22,3.33
4/11/22,3.37
4/12/22,3.31
4/13/22,3.25
4/14/22,3.33
4/15/22,#N/A
4/18/22,3.36
4/19/22,3.36
4/20/22,3.36
4/21/22,3.37
4/22/22,3.37
4/25/22,3.27
4/26/22,3.25
4/27/22,3.28
4/28/22,3.39
4/29/22,3.3
5/2/22,3.21
5/3/22,3.21
5/4/22,3.24
5/5/22,3.23
5/6/22,3.22
5/9/22,3.06
5/10/22,2.92
5/11/22,3
5/12/22,2.89
5/13/22,3.03
5/16/22,3.04
5/17/22,3.08
5/18/22,3.05
5/19/22,2.97
5/20/22,2.88
5/23/22,2.92
5/24/22,2.87
5/25/22,2.88
5/26/22,2.96
5/27/22,2.95
5/30/22,#N/A
5/31/22,2.96
6/1/22,2.96
6/2/22,2.97
6/3/22,3.04
6/6/22,3.05
6/7/22,3.03
6/8/22,3.06
6/9/22,3.08
6/10/22,3.13
6/13/22,3.11
6/14/22,2.88
6/15/22,3
6/16/22,2.87
6/17/22,2.8
6/20/22,#N/A
6/21/22,2.84
6/22/22,2.74
6/23/22,2.69
6/24/22,2.82
6/27/22,2.79
6/28/22,2.73
6/29/22,2.59
6/30/22,2.58
7/1/22,2.6
7/4/22,#N/A
7/5/22,2.51
7/6/22,2.48
7/7/22,2.53
7/8/22,2.62
7/11/22,2.56
7/12/22,2.5
7/13/22,2.51
7/14/22,2.54
7/15/22,2.59
7/18/22,2.63
7/19/22,2.67
7/20/22,2.67
7/21/22,2.55
7/22/22,2.56
7/25/22,2.58
7/26/22,2.56
7/27/22,2.61
7/28/22,2.67
7/29/22,2.73
8/1/22,2.72
8/2/22,2.69
8/3/22,2.72
8/4/22,2.64
8/5/22,2.64
8/8/22,2.65
8/9/22,2.66
8/10/22,2.61
8/11/22,2.67
8/12/22,2.67
8/15/22,2.62
8/16/22,2.61
8/17/22,2.65
8/18/22,2.7
8/19/22,2.72
8/22/22,2.74
8/23/22,2.77
8/24/22,2.79
8/25/22,2.77
8/26/22,2.73
8/29/22,2.71
8/30/22,2.67
8/31/22,2.58
9/1/22,2.52
9/2/22,2.55
9/5/22,#N/A
9/6/22,2.56
9/7/22,2.51
9/8/22,2.46
9/9/22,2.51