Date,5FL
11/18/04,2.36
11/19/04,2.42
11/22/04,2.45
11/23/04,2.43
11/24/04,2.44
11/25/04,#N/A
11/26/04,2.46
11/29/04,2.46
11/30/04,2.46
12/1/04,2.45
12/2/04,2.42
12/3/04,2.4
12/6/04,2.42
12/7/04,2.42
12/8/04,2.38
12/9/04,2.46
12/10/04,2.41
12/13/04,2.4
12/14/04,2.4
12/15/04,2.39
12/16/04,2.42
12/17/04,2.45
12/20/04,2.48
12/21/04,2.47
12/22/04,2.48
12/23/04,2.52
12/24/04,#N/A
12/27/04,2.55
12/28/04,2.53
12/29/04,2.5
12/30/04,2.47
12/31/04,2.48
1/3/05,2.44
1/4/05,2.4
1/5/05,2.4
1/6/05,2.47
1/7/05,2.41
1/10/05,2.42
1/11/05,2.4
1/12/05,2.44
1/13/05,2.4
1/14/05,2.44
1/17/05,#N/A
1/18/05,2.43
1/19/05,2.44
1/20/05,2.42
1/21/05,2.43
1/24/05,2.4
1/25/05,2.37
1/26/05,2.4
1/27/05,2.41
1/28/05,2.44
1/31/05,2.4
2/1/05,2.4
2/2/05,2.35
2/3/05,2.34
2/4/05,2.31
2/7/05,2.34
2/8/05,2.35
2/9/05,2.39
2/10/05,2.34
2/11/05,2.36
2/14/05,2.36
2/15/05,2.33
2/16/05,2.34
2/17/05,2.38
2/18/05,2.42
2/21/05,#N/A
2/22/05,2.43
2/23/05,2.45
2/24/05,2.47
2/25/05,2.46
2/28/05,2.5
3/1/05,2.53
3/2/05,2.52
3/3/05,2.53
3/4/05,2.49
3/7/05,2.5
3/8/05,2.53
3/9/05,2.57
3/10/05,2.56
3/11/05,2.6
3/14/05,2.54
3/15/05,2.56
3/16/05,2.57
3/17/05,2.57
3/18/05,2.56
3/21/05,2.56
3/22/05,2.58
3/23/05,2.52
3/24/05,2.55
3/25/05,#N/A
3/28/05,2.55
3/29/05,2.53
3/30/05,2.5
3/31/05,2.55
4/1/05,2.53
4/4/05,2.51
4/5/05,2.51
4/6/05,2.49
4/7/05,2.51
4/8/05,2.52
4/11/05,2.48
4/12/05,2.54
4/13/05,2.56
4/14/05,2.57
4/15/05,2.5
4/18/05,2.51
4/19/05,2.46
4/20/05,2.49
4/21/05,2.52
4/22/05,2.49
4/25/05,2.47
4/26/05,2.45
4/27/05,2.45
4/28/05,2.48
4/29/05,2.47
5/2/05,2.5
5/3/05,2.48
5/4/05,2.48
5/5/05,2.5
5/6/05,2.5
5/9/05,2.49
5/10/05,2.47
5/11/05,2.47
5/12/05,2.44
5/13/05,2.39
5/16/05,2.41
5/17/05,2.42
5/18/05,2.35
5/19/05,2.34
5/20/05,2.37
5/23/05,2.34
5/24/05,2.36
5/25/05,2.34
5/26/05,2.31
5/27/05,2.32
5/30/05,#N/A
5/31/05,2.27
6/1/05,2.3
6/2/05,2.26
6/3/05,2.32
6/6/05,2.29
6/7/05,2.25
6/8/05,2.25
6/9/05,2.29
6/10/05,2.25
6/13/05,2.28
6/14/05,2.29
6/15/05,2.28
6/16/05,2.29
6/17/05,2.31
6/20/05,2.32
6/21/05,2.28
6/22/05,2.22
6/23/05,2.22
6/24/05,2.22
6/27/05,2.21
6/28/05,2.24
6/29/05,2.25
6/30/05,2.23
7/1/05,2.28
7/4/05,#N/A
7/5/05,2.27
7/6/05,2.26
7/7/05,2.23
7/8/05,2.23
7/11/05,2.24
7/12/05,2.27
7/13/05,2.25
7/14/05,2.23
7/15/05,2.23
7/18/05,2.26
7/19/05,2.31
7/20/05,2.27
7/21/05,2.34
7/22/05,2.36
7/25/05,2.32
7/26/05,2.34
7/27/05,2.39
7/28/05,2.37
7/29/05,2.4
8/1/05,2.37
8/2/05,2.33
8/3/05,2.36
8/4/05,2.38
8/5/05,2.39
8/8/05,2.37
8/9/05,2.39
8/10/05,2.39
8/11/05,2.32
8/12/05,2.28
8/15/05,2.29
8/16/05,2.3
8/17/05,2.32
8/18/05,2.3
8/19/05,2.3
8/22/05,2.31
8/23/05,2.28
8/24/05,2.3
8/25/05,2.32
8/26/05,2.34
8/29/05,2.37
8/30/05,2.39
8/31/05,2.3
9/1/05,2.35
9/2/05,2.35
9/5/05,#N/A
9/6/05,2.39
9/7/05,2.42
9/8/05,2.38
9/9/05,2.38
9/12/05,2.37
9/13/05,2.35
9/14/05,2.38
9/15/05,2.4
9/16/05,2.41
9/19/05,2.43
9/20/05,2.41
9/21/05,2.37
9/22/05,2.41
9/23/05,2.38
9/26/05,2.41
9/27/05,2.4
9/28/05,2.39
9/29/05,2.39
9/30/05,2.4
10/3/05,2.39
10/4/05,2.34
10/5/05,2.34
10/6/05,2.33
10/7/05,2.31
10/10/05,#N/A
10/11/05,2.34
10/12/05,2.37
10/13/05,2.45
10/14/05,2.37
10/17/05,2.44
10/18/05,2.46
10/19/05,2.44
10/20/05,2.43
10/21/05,2.4
10/24/05,2.43
10/25/05,2.38
10/26/05,2.46
10/27/05,2.5
10/28/05,2.5
10/31/05,2.5
11/1/05,2.53
11/2/05,2.55
11/3/05,2.6
11/4/05,2.54
11/7/05,2.6
11/8/05,2.53
11/9/05,2.56
11/10/05,2.49
11/11/05,#N/A
11/14/05,2.5
11/15/05,2.45
11/16/05,2.44
11/17/05,2.45
11/18/05,2.44
11/21/05,2.36
11/22/05,2.39
11/23/05,2.37
11/24/05,#N/A
11/25/05,2.36
11/28/05,2.36
11/29/05,2.37
11/30/05,2.39
12/1/05,2.37
12/2/05,2.36
12/5/05,2.39
12/6/05,2.38
12/7/05,2.37
12/8/05,2.38
12/9/05,2.41
12/12/05,2.44
12/13/05,2.42
12/14/05,2.38
12/15/05,2.38
12/16/05,2.4
12/19/05,2.4
12/20/05,2.4
12/21/05,2.41
12/22/05,2.38
12/23/05,2.36
12/26/05,#N/A
12/27/05,2.33
12/28/05,2.33
12/29/05,2.34
12/30/05,2.36
1/2/06,#N/A
1/3/06,2.38
1/4/06,2.39
1/5/06,2.36
1/6/06,2.33
1/9/06,2.31
1/10/06,2.36
1/11/06,2.39
1/12/06,2.41
1/13/06,2.4
1/16/06,#N/A
1/17/06,2.38
1/18/06,2.34
1/19/06,2.41
1/20/06,2.39
1/23/06,2.38
1/24/06,2.41
1/25/06,2.49
1/26/06,2.57
1/27/06,2.48
1/30/06,2.48
1/31/06,2.48
2/1/06,2.53
2/2/06,2.51
2/3/06,2.51
2/6/06,2.52
2/7/06,2.53
2/8/06,2.44
2/9/06,2.43
2/10/06,2.43
2/13/06,2.45
2/14/06,2.44
2/15/06,2.44
2/16/06,2.42
2/17/06,2.42
2/20/06,#N/A
2/21/06,2.44
2/22/06,2.4
2/23/06,2.4
2/24/06,2.42
2/27/06,2.4
2/28/06,2.38
3/1/06,2.43
3/2/06,2.44
3/3/06,2.46
3/6/06,2.47
3/7/06,2.45
3/8/06,2.4
3/9/06,2.42
3/10/06,2.44
3/13/06,2.45
3/14/06,2.47
3/15/06,2.48
3/16/06,2.44
3/17/06,2.42
3/20/06,2.42
3/21/06,2.39
3/22/06,2.38
3/23/06,2.4
3/24/06,2.39
3/27/06,2.39
3/28/06,2.41
3/29/06,2.43
3/30/06,2.44
3/31/06,2.44
4/3/06,2.45
4/4/06,2.43
4/5/06,2.44
4/6/06,2.45
4/7/06,2.5
4/10/06,2.52
4/11/06,2.49
4/12/06,2.48
4/13/06,2.48
4/14/06,#N/A
4/17/06,2.48
4/18/06,2.53
4/19/06,2.57
4/20/06,2.52
4/21/06,2.51
4/24/06,2.51
4/25/06,2.6
4/26/06,2.59
4/27/06,2.66
4/28/06,2.69
5/1/06,2.72
5/2/06,2.67
5/3/06,2.65
5/4/06,2.65
5/5/06,2.64
5/8/06,2.65
5/9/06,2.68
5/10/06,2.67
5/11/06,2.64
5/12/06,2.66
5/15/06,2.65
5/16/06,2.63
5/17/06,2.67
5/18/06,2.65
5/19/06,2.59
5/22/06,2.59
5/23/06,2.58
5/24/06,2.58
5/25/06,2.58
5/26/06,2.59
5/29/06,#N/A
5/30/06,2.61
5/31/06,2.6
6/1/06,2.61
6/2/06,2.6
6/5/06,2.58
6/6/06,2.52
6/7/06,2.49
6/8/06,2.48
6/9/06,2.46
6/12/06,2.5
6/13/06,2.5
6/14/06,2.49
6/15/06,2.52
6/16/06,2.55
6/19/06,2.51
6/20/06,2.53
6/21/06,2.53
6/22/06,2.56
6/23/06,2.55
6/26/06,2.55
6/27/06,2.55
6/28/06,2.55
6/29/06,2.62
6/30/06,2.59
7/3/06,2.56
7/4/06,#N/A
7/5/06,2.58
7/6/06,2.57
7/7/06,2.55
7/10/06,2.53
7/11/06,2.55
7/12/06,2.53
7/13/06,2.56
7/14/06,2.56
7/17/06,2.57
7/18/06,2.58
7/19/06,2.57
7/20/06,2.58
7/21/06,2.55
7/24/06,2.57
7/25/06,2.61
7/26/06,2.62
7/27/06,2.63
7/28/06,2.64
7/31/06,2.62
8/1/06,2.63
8/2/06,2.62
8/3/06,2.63
8/4/06,2.63
8/7/06,2.67
8/8/06,2.7
8/9/06,2.63
8/10/06,2.64
8/11/06,2.64
8/14/06,2.64
8/15/06,2.61
8/16/06,2.62
8/17/06,2.63
8/18/06,2.61
8/21/06,2.63
8/22/06,2.64
8/23/06,2.62
8/24/06,2.57
8/25/06,2.6
8/28/06,2.58
8/29/06,2.53
8/30/06,2.55
8/31/06,2.56
9/1/06,2.56
9/4/06,#N/A
9/5/06,2.55
9/6/06,2.55
9/7/06,2.56
9/8/06,2.54
9/11/06,2.53
9/12/06,2.54
9/13/06,2.53
9/14/06,2.53
9/15/06,2.53
9/18/06,2.53
9/19/06,2.51
9/20/06,2.46
9/21/06,2.48
9/22/06,2.46
9/25/06,2.45
9/26/06,2.45
9/27/06,2.44
9/28/06,2.48
9/29/06,2.49
10/2/06,2.45
10/3/06,2.45
10/4/06,2.43
10/5/06,2.43
10/6/06,2.48
10/9/06,#N/A
10/10/06,2.46
10/11/06,2.45
10/12/06,2.5
10/13/06,2.48
10/16/06,2.48
10/17/06,2.47
10/18/06,2.46
10/19/06,2.46
10/20/06,2.45
10/23/06,2.45
10/24/06,2.44
10/25/06,2.48
10/26/06,2.47
10/27/06,2.46
10/30/06,2.45
10/31/06,2.44
11/1/06,2.45
11/2/06,2.45
11/3/06,2.46
11/6/06,2.49
11/7/06,2.49
11/8/06,2.5
11/9/06,2.49
11/10/06,2.48
11/13/06,2.46
11/14/06,2.42
11/15/06,2.45
11/16/06,2.42
11/17/06,2.44
11/20/06,2.41
11/21/06,2.39
11/22/06,2.39
11/23/06,#N/A
11/24/06,2.39
11/27/06,2.39
11/28/06,2.38
11/29/06,2.37
11/30/06,2.36
12/1/06,2.39
12/4/06,2.38
12/5/06,2.41
12/6/06,2.41
12/7/06,2.41
12/8/06,2.42
12/11/06,2.41
12/12/06,2.41
12/13/06,2.44
12/14/06,2.42
12/15/06,2.37
12/18/06,2.36
12/19/06,2.35
12/20/06,2.34
12/21/06,2.33
12/22/06,2.35
12/25/06,#N/A
12/26/06,2.33
12/27/06,2.34
12/28/06,2.35
12/29/06,2.34
1/1/07,#N/A
1/2/07,2.33
1/3/07,2.35
1/4/07,2.3
1/5/07,2.3
1/8/07,2.32
1/9/07,2.32
1/10/07,2.32
1/11/07,2.39
1/12/07,2.33
1/15/07,#N/A
1/16/07,2.32
1/17/07,2.34
1/18/07,2.33
1/19/07,2.37
1/22/07,2.35
1/23/07,2.39
1/24/07,2.4
1/25/07,2.45
1/26/07,2.44
1/29/07,2.43
1/30/07,2.45
1/31/07,2.44
2/1/07,2.43
2/2/07,2.4
2/5/07,2.4
2/6/07,2.36
2/7/07,2.32
2/8/07,2.32
2/9/07,2.35
2/12/07,2.34
2/13/07,2.36
2/14/07,2.38
2/15/07,2.34
2/16/07,2.34
2/19/07,#N/A
2/20/07,2.32
2/21/07,2.38
2/22/07,2.37
2/23/07,2.35
2/26/07,2.33
2/27/07,2.33
2/28/07,2.32
3/1/07,2.35
3/2/07,2.34
3/5/07,2.29
3/6/07,2.28
3/7/07,2.28
3/8/07,2.29
3/9/07,2.26
3/12/07,2.28
3/13/07,2.3
3/14/07,2.29
3/15/07,2.32
3/16/07,2.34
3/19/07,2.34
3/20/07,2.33
3/21/07,2.34
3/22/07,2.39
3/23/07,2.37
3/26/07,2.4
3/27/07,2.41
3/28/07,2.38
3/29/07,2.39
3/30/07,2.37
4/2/07,2.38
4/3/07,2.37
4/4/07,2.37
4/5/07,2.41
4/6/07,2.43
4/9/07,2.44
4/10/07,2.41
4/11/07,2.4
4/12/07,2.4
4/13/07,2.4
4/16/07,2.39
4/17/07,2.36
4/18/07,2.39
4/19/07,2.38
4/20/07,2.38
4/23/07,2.36
4/24/07,2.42
4/25/07,2.43
4/26/07,2.4
4/27/07,2.45
4/30/07,2.41
5/1/07,2.43
5/2/07,2.39
5/3/07,2.41
5/4/07,2.4
5/7/07,2.37
5/8/07,2.34
5/9/07,2.38
5/10/07,2.35
5/11/07,2.36
5/14/07,2.33
5/15/07,2.33
5/16/07,2.32
5/17/07,2.34
5/18/07,2.33
5/21/07,2.37
5/22/07,2.36
5/23/07,2.37
5/24/07,2.4
5/25/07,2.37
5/28/07,#N/A
5/29/07,2.36
5/30/07,2.39
5/31/07,2.39
6/1/07,2.42
6/4/07,2.4
6/5/07,2.41
6/6/07,2.41
6/7/07,2.44
6/8/07,2.48
6/11/07,2.46
6/12/07,2.47
6/13/07,2.51
6/14/07,2.5
6/15/07,2.44
6/18/07,2.45
6/19/07,2.46
6/20/07,2.45
6/21/07,2.47
6/22/07,2.49
6/25/07,2.47
6/26/07,2.45
6/27/07,2.45
6/28/07,2.42
6/29/07,2.43
7/2/07,2.44
7/3/07,2.4
7/4/07,#N/A
7/5/07,2.44
7/6/07,2.42
7/9/07,2.43
7/10/07,2.42
7/11/07,2.41
7/12/07,2.42
7/13/07,2.42
7/16/07,2.43
7/17/07,2.43
7/18/07,2.46
7/19/07,2.47
7/20/07,2.44
7/23/07,2.44
7/24/07,2.48
7/25/07,2.47
7/26/07,2.46
7/27/07,2.49
7/30/07,2.49
7/31/07,2.51
8/1/07,2.47
8/2/07,2.47
8/3/07,2.43
8/6/07,2.44
8/7/07,2.43
8/8/07,2.41
8/9/07,2.42
8/10/07,2.43
8/13/07,2.45
8/14/07,2.41
8/15/07,2.42
8/16/07,2.43
8/17/07,2.43
8/20/07,2.41
8/21/07,2.45
8/22/07,2.41
8/23/07,2.43
8/24/07,2.43
8/27/07,2.41
8/28/07,2.44
8/29/07,2.39
8/30/07,2.43
8/31/07,2.43
9/3/07,#N/A
9/4/07,2.43
9/5/07,2.41
9/6/07,2.41
9/7/07,2.42
9/10/07,2.42
9/11/07,2.41
9/12/07,2.42
9/13/07,2.43
9/14/07,2.47
9/17/07,2.46
9/18/07,2.52
9/19/07,2.52
9/20/07,2.57
9/21/07,2.53
9/24/07,2.5
9/25/07,2.51
9/26/07,2.5
9/27/07,2.51
9/28/07,2.53
10/1/07,2.47
10/2/07,2.5
10/3/07,2.47
10/4/07,2.47
10/5/07,2.48
10/8/07,#N/A
10/9/07,2.48
10/10/07,2.46
10/11/07,2.49
10/12/07,2.48
10/15/07,2.48
10/16/07,2.47
10/17/07,2.49
10/18/07,2.43
10/19/07,2.45
10/22/07,2.42
10/23/07,2.43
10/24/07,2.42
10/25/07,2.44
10/26/07,2.48
10/29/07,2.45
10/30/07,2.43
10/31/07,2.42
11/1/07,2.44
11/2/07,2.47
11/5/07,2.47
11/6/07,2.5
11/7/07,2.48
11/8/07,2.46
11/9/07,2.45
11/12/07,#N/A
11/13/07,2.42
11/14/07,2.44
11/15/07,2.4
11/16/07,2.39
11/19/07,2.43
11/20/07,2.44
11/21/07,2.47
11/22/07,#N/A
11/23/07,2.48
11/26/07,2.49
11/27/07,2.47
11/28/07,2.39
11/29/07,2.4
11/30/07,2.44
12/3/07,2.44
12/4/07,2.43
12/5/07,2.39
12/6/07,2.36
12/7/07,2.38
12/10/07,2.38
12/11/07,2.4
12/12/07,2.39
12/13/07,2.43
12/14/07,2.44
12/17/07,2.43
12/18/07,2.42
12/19/07,2.41
12/20/07,2.37
12/21/07,2.42
12/24/07,2.42
12/25/07,#N/A
12/26/07,2.41
12/27/07,2.39
12/28/07,2.37
12/31/07,2.35
1/1/08,#N/A
1/2/08,2.36
1/3/08,2.38
1/4/08,2.39
1/7/08,2.36
1/8/08,2.37
1/9/08,2.36
1/10/08,2.34
1/11/08,2.37
1/14/08,2.37
1/15/08,2.38
1/16/08,2.37
1/17/08,2.4
1/18/08,2.44
1/21/08,#N/A
1/22/08,2.51
1/23/08,2.48
1/24/08,2.49
1/25/08,2.49
1/28/08,2.51
1/29/08,2.54
1/30/08,2.54
1/31/08,2.53
2/1/08,2.53
2/4/08,2.56
2/5/08,2.56
2/6/08,2.54
2/7/08,2.55
2/8/08,2.54
2/11/08,2.55
2/12/08,2.54
2/13/08,2.53
2/14/08,2.53
2/15/08,2.48
2/18/08,#N/A
2/19/08,2.51
2/20/08,2.51
2/21/08,2.51
2/22/08,2.53
2/25/08,2.49
2/26/08,2.56
2/27/08,2.54
2/28/08,2.56
2/29/08,2.56
3/3/08,2.63
3/4/08,2.63
3/5/08,2.72
3/6/08,2.73
3/7/08,2.73
3/10/08,2.76
3/11/08,2.69
3/12/08,2.71
3/13/08,2.64
3/14/08,2.61
3/17/08,2.48
3/18/08,2.59
3/19/08,2.54
3/20/08,2.5
3/21/08,#N/A
3/24/08,2.47
3/25/08,2.39
3/26/08,2.41
3/27/08,2.45
3/28/08,2.47
3/31/08,2.49
4/1/08,2.49
4/2/08,2.47
4/3/08,2.45
4/4/08,2.46
4/7/08,2.45
4/8/08,2.45
4/9/08,2.43
4/10/08,2.39
4/11/08,2.43
4/14/08,2.43
4/15/08,2.44
4/16/08,2.4
4/17/08,2.4
4/18/08,2.4
4/21/08,2.37
4/22/08,2.38
4/23/08,2.41
4/24/08,2.36
4/25/08,2.31
4/28/08,2.3
4/29/08,2.29
4/30/08,2.28
5/1/08,2.25
5/2/08,2.4
5/5/08,2.41
5/6/08,2.45
5/7/08,2.43
5/8/08,2.42
5/9/08,2.44
5/12/08,2.44
5/13/08,2.46
5/14/08,2.5
5/15/08,2.51
5/16/08,2.51
5/19/08,2.54
5/20/08,2.52
5/21/08,2.55
5/22/08,2.55
5/23/08,2.56
5/26/08,#N/A
5/27/08,2.54
5/28/08,2.51
5/29/08,2.52
5/30/08,2.56
6/2/08,2.54
6/3/08,2.46
6/4/08,2.46
6/5/08,2.49
6/6/08,2.49
6/9/08,2.48
6/10/08,2.5
6/11/08,2.45
6/12/08,2.46
6/13/08,2.44
6/16/08,2.4
6/17/08,2.41
6/18/08,2.39
6/19/08,2.39
6/20/08,2.35
6/23/08,2.32
6/24/08,2.35
6/25/08,2.37
6/26/08,2.4
6/27/08,2.4
6/30/08,2.39
7/1/08,2.38
7/2/08,2.42
7/3/08,2.42
7/4/08,#N/A
7/7/08,2.41
7/8/08,2.4
7/9/08,2.38
7/10/08,2.29
7/11/08,2.36
7/14/08,2.36
7/15/08,2.39
7/16/08,2.42
7/17/08,2.4
7/18/08,2.42
7/21/08,2.39
7/22/08,2.44
7/23/08,2.43
7/24/08,2.4
7/25/08,2.44
7/28/08,2.47
7/29/08,2.48
7/30/08,2.5
7/31/08,2.52
8/1/08,2.51
8/4/08,2.54
8/5/08,2.5
8/6/08,2.46
8/7/08,2.39
8/8/08,2.4
8/11/08,2.37
8/12/08,2.39
8/13/08,2.37
8/14/08,2.42
8/15/08,2.41
8/18/08,2.38
8/19/08,2.38
8/20/08,2.44
8/21/08,2.44
8/22/08,2.42
8/25/08,2.42
8/26/08,2.42
8/27/08,2.46
8/28/08,2.4
8/29/08,2.41
9/1/08,#N/A
9/2/08,2.38
9/3/08,2.34
9/4/08,2.29
9/5/08,2.3
9/8/08,2.34
9/9/08,2.34
9/10/08,2.38
9/11/08,2.43
9/12/08,2.4
9/15/08,2.31
9/16/08,2.23
9/17/08,2.16
9/18/08,2.18
9/19/08,2.49
9/22/08,2.52
9/23/08,2.47
9/24/08,2.41
9/25/08,2.4
9/26/08,2.35
9/29/08,2.22
9/30/08,2.23
10/1/08,2.07
10/2/08,2.05
10/3/08,1.94
10/6/08,1.79
10/7/08,1.74
10/8/08,1.63
10/9/08,1.63
10/10/08,1.65
10/13/08,#N/A
10/14/08,1.83
10/15/08,1.91
10/16/08,1.99
10/17/08,2.19
10/20/08,2.22
10/21/08,2.4
10/22/08,2.38
10/23/08,2.33
10/24/08,2.3
10/27/08,2.64
10/28/08,2.74
10/29/08,2.75
10/30/08,2.72
10/31/08,2.73
11/3/08,2.72
11/4/08,2.78
11/5/08,2.88
11/6/08,2.94
11/7/08,2.98
11/10/08,3.01
11/11/08,#N/A
11/12/08,3.05
11/13/08,2.89
11/14/08,2.84
11/17/08,2.82
11/18/08,2.55
11/19/08,2.37
11/20/08,1.9
11/21/08,2.08
11/24/08,2.48
11/25/08,2.76
11/26/08,2.92
11/27/08,#N/A
11/28/08,2.97
12/1/08,1
12/2/08,0.92
12/3/08,1.03
12/4/08,1.1
12/5/08,1
12/8/08,0.88
12/9/08,0.85
12/10/08,0.86
12/11/08,0.93
12/12/08,0.72
12/15/08,0.79
12/16/08,0.62
12/17/08,0.59
12/18/08,0.57
12/19/08,0.61
12/22/08,0.67
12/23/08,0.57
12/24/08,0.53
12/25/08,#N/A
12/26/08,0.54
12/29/08,0.43
12/30/08,0.43
12/31/08,0.48
1/1/09,#N/A
1/2/09,0.59
1/5/09,0.49
1/6/09,0.98
1/7/09,1.03
1/8/09,1.08
1/9/09,1.21
1/12/09,1.28
1/13/09,1.21
1/14/09,1.03
1/15/09,1
1/16/09,1.1
1/19/09,#N/A
1/20/09,1.13
1/21/09,1.12
1/22/09,1.21
1/23/09,1.35
1/26/09,1.46
1/27/09,1.49
1/28/09,1.55
1/29/09,1.79
1/30/09,1.91
2/2/09,1.81
2/3/09,1.83
2/4/09,1.83
2/5/09,1.71
2/6/09,1.76
2/9/09,1.89
2/10/09,1.74
2/11/09,1.58
2/12/09,1.77
2/13/09,1.75
2/16/09,#N/A
2/17/09,1.77
2/18/09,1.72
2/19/09,1.62
2/20/09,1.65
2/23/09,1.56
2/24/09,1.43
2/25/09,1.34
2/26/09,1.33
2/27/09,1.34
3/2/09,1.3
3/3/09,1.4
3/4/09,1.37
3/5/09,1.28
3/6/09,1.25
3/9/09,1.28
3/10/09,1.3
3/11/09,1.45
3/12/09,1.51
3/13/09,1.54
3/16/09,1.62
3/17/09,1.65
3/18/09,1.86
3/19/09,1.94
3/20/09,1.81
3/23/09,1.92
3/24/09,1.91
3/25/09,1.92
3/26/09,1.97
3/27/09,1.9
3/30/09,1.9
3/31/09,1.83
4/1/09,1.9
4/2/09,1.92
4/3/09,1.96
4/6/09,1.98
4/7/09,1.84
4/8/09,1.8
4/9/09,1.86
4/10/09,#N/A
4/13/09,1.89
4/14/09,1.81
4/15/09,1.85
4/16/09,1.81
4/17/09,1.83
4/20/09,1.83
4/21/09,1.88
4/22/09,2.02
4/23/09,2.25
4/24/09,2.28
4/27/09,2.2
4/28/09,2.21
4/29/09,2.19
4/30/09,2.12
5/1/09,2.03
5/4/09,2
5/5/09,2
5/6/09,1.95
5/7/09,2.05
5/8/09,2
5/11/09,1.94
5/12/09,1.97
5/13/09,1.92
5/14/09,1.88
5/15/09,1.96
5/18/09,2.09
5/19/09,2.11
5/20/09,2.17
5/21/09,2.23
5/22/09,2.27
5/25/09,#N/A
5/26/09,2.31
5/27/09,2.39
5/28/09,2.27
5/29/09,2.24
6/1/09,2.29
6/2/09,2.33
6/3/09,2.26
6/4/09,2.23
6/5/09,2.21
6/8/09,2.23
6/9/09,2.21
6/10/09,2.29
6/11/09,2.2
6/12/09,2.13
6/15/09,2.12
6/16/09,2.05
6/17/09,2.03
6/18/09,2.23
6/19/09,2.22
6/22/09,2.22
6/23/09,2.19
6/24/09,2.24
6/25/09,2.13
6/26/09,2.13
6/29/09,2.15
6/30/09,2.16
7/1/09,2.09
7/2/09,2.01
7/3/09,#N/A
7/6/09,1.76
7/7/09,1.98
7/8/09,1.96
7/9/09,2.04
7/10/09,1.98
7/13/09,2.02
7/14/09,2.13
7/15/09,2.25
7/16/09,2.26
7/17/09,2.35
7/20/09,2.36
7/21/09,2.25
7/22/09,2.32
7/23/09,2.41
7/24/09,2.39
7/27/09,2.38
7/28/09,2.34
7/29/09,2.31
7/30/09,2.4
7/31/09,2.3
8/3/09,2.38
8/4/09,2.36
8/5/09,2.46
8/6/09,2.45
8/7/09,2.54
8/10/09,2.52
8/11/09,2.46
8/12/09,2.42
8/13/09,2.34
8/14/09,2.27
8/17/09,2.3
8/18/09,2.3
8/19/09,2.3
8/20/09,2.34
8/21/09,2.38
8/24/09,2.33
8/25/09,2.25
8/26/09,2.24
8/27/09,2.23
8/28/09,2.22
8/31/09,2.16
9/1/09,2.17
9/2/09,2.09
9/3/09,2.13
9/4/09,2.26
9/7/09,#N/A
9/8/09,2.3
9/9/09,2.28
9/10/09,2.22
9/11/09,2.14
9/14/09,2.13
9/15/09,2.21
9/16/09,2.2
9/17/09,2.14
9/18/09,2.17
9/21/09,2.21
9/22/09,2.2
9/23/09,2.22
9/24/09,2.16
9/25/09,2.12
9/28/09,2.13
9/29/09,2.1
9/30/09,2.13
10/1/09,2.09
10/2/09,2.07
10/5/09,2.14
10/6/09,2.11
10/7/09,2.17
10/8/09,2.17
10/9/09,2.22
10/12/09,#N/A
10/13/09,2.29
10/14/09,2.37
10/15/09,2.42
10/16/09,2.39
10/19/09,2.43
10/20/09,2.39
10/21/09,2.43
10/22/09,2.39
10/23/09,2.44
10/26/09,2.4
10/27/09,2.39
10/28/09,2.35
10/29/09,2.42
10/30/09,2.39
11/2/09,2.45
11/3/09,2.47
11/4/09,2.54
11/5/09,2.61
11/6/09,2.64
11/9/09,2.65
11/10/09,2.6
11/11/09,#N/A
11/12/09,2.51
11/13/09,2.51
11/16/09,2.51
11/17/09,2.52
11/18/09,2.5
11/19/09,2.5
11/20/09,2.5
11/23/09,2.52
11/24/09,2.41
11/25/09,2.43
11/26/09,#N/A
11/27/09,2.38
11/30/09,2.41
12/1/09,2.48
12/2/09,2.46
12/3/09,2.48
12/4/09,2.47
12/7/09,2.45
12/8/09,2.43
12/9/09,2.47
12/10/09,2.45
12/11/09,2.49
12/14/09,2.54
12/15/09,2.56
12/16/09,2.61
12/17/09,2.56
12/18/09,2.56
12/21/09,2.62
12/22/09,2.65
12/23/09,2.6
12/24/09,2.59
12/25/09,#N/A
12/28/09,2.62
12/29/09,2.62
12/30/09,2.61
12/31/09,2.61
1/1/10,#N/A
1/4/10,2.63
1/5/10,2.56
1/6/10,2.58
1/7/10,2.63
1/8/10,2.66
1/11/10,2.64
1/12/10,2.63
1/13/10,2.61
1/14/10,2.6
1/15/10,2.62
1/18/10,#N/A
1/19/10,2.67
1/20/10,2.65
1/21/10,2.68
1/22/10,2.67
1/25/10,2.69
1/26/10,2.71
1/27/10,2.66
1/28/10,2.72
1/29/10,2.75
2/1/10,2.79
2/2/10,2.8
2/3/10,2.81
2/4/10,2.71
2/5/10,2.65
2/8/10,2.63
2/9/10,2.66
2/10/10,2.59
2/11/10,2.56
2/12/10,2.5
2/15/10,#N/A
2/16/10,2.53
2/17/10,2.55
2/18/10,2.6
2/19/10,2.55
2/22/10,2.58
2/23/10,2.48
2/24/10,2.48
2/25/10,2.43
2/26/10,2.43
3/1/10,2.47
3/2/10,2.49
3/3/10,2.5
3/4/10,2.5
3/5/10,2.53
3/8/10,2.59
3/9/10,2.58
3/10/10,2.57
3/11/10,2.59
3/12/10,2.59
3/15/10,2.57
3/16/10,2.56
3/17/10,2.54
3/18/10,2.54
3/19/10,2.54
3/22/10,2.56
3/23/10,2.6
3/24/10,2.59
3/25/10,2.65
3/26/10,2.62
3/29/10,2.59
3/30/10,2.61
3/31/10,2.65
4/1/10,2.71
4/2/10,2.68
4/5/10,2.7
4/6/10,2.57
4/7/10,2.64
4/8/10,2.71
4/9/10,2.71
4/12/10,2.75
4/13/10,2.75
4/14/10,2.73
4/15/10,2.78
4/16/10,2.76
4/19/10,2.77
4/20/10,2.74
4/21/10,2.75
4/22/10,2.73
4/23/10,2.75
4/26/10,2.74
4/27/10,2.68
4/28/10,2.8
4/29/10,2.84
4/30/10,2.79
5/3/10,2.8
5/4/10,2.7
5/5/10,2.67
5/6/10,2.53
5/7/10,2.55
5/10/10,2.63
5/11/10,2.64
5/12/10,2.64
5/13/10,2.65
5/14/10,2.53
5/17/10,2.51
5/18/10,2.49
5/19/10,2.38
5/20/10,2.2
5/21/10,2.13
5/24/10,2.14
5/25/10,2.13
5/26/10,2.2
5/27/10,2.3
5/28/10,2.29
5/31/10,#N/A
6/1/10,2.26
6/2/10,2.27
6/3/10,2.33
6/4/10,2.22
6/7/10,2.2
6/8/10,2.16
6/9/10,2.21
6/10/10,2.28
6/11/10,2.25
6/14/10,2.25
6/15/10,2.32
6/16/10,2.31
6/17/10,2.3
6/18/10,2.29
6/21/10,2.33
6/22/10,2.28
6/23/10,2.24
6/24/10,2.22
6/25/10,2.21
6/28/10,2.19
6/29/10,2.12
6/30/10,2.1
7/1/10,2.02
7/2/10,1.98
7/5/10,#N/A
7/6/10,1.97
7/7/10,2
7/8/10,2.15
7/9/10,2.15
7/12/10,2.16
7/13/10,2.23
7/14/10,2.2
7/15/10,2.15
7/16/10,2.06
7/19/10,2.06
7/20/10,2.08
7/21/10,2.08
7/22/10,2.13
7/23/10,2.17
7/26/10,2.18
7/27/10,2.2
7/28/10,2.16
7/29/10,2.19
7/30/10,2.17
8/2/10,2.22
8/3/10,2.23
8/4/10,2.22
8/5/10,2.24
8/6/10,2.18
8/9/10,2.16
8/10/10,2.2
8/11/10,2.11
8/12/10,2.03
8/13/10,2.02
8/16/10,1.97
8/17/10,1.98
8/18/10,1.96
8/19/10,1.9
8/20/10,1.9
8/23/10,1.89
8/24/10,1.79
8/25/10,1.85
8/26/10,1.86
8/27/10,1.95
8/30/10,1.87
8/31/10,1.85
9/1/10,1.91
9/2/10,1.96
9/3/10,1.99
9/6/10,#N/A
9/7/10,2.02
9/8/10,2.05
9/9/10,2.15
9/10/10,2.24
9/13/10,2.26
9/14/10,2.22
9/15/10,2.25
9/16/10,2.25
9/17/10,2.25
9/20/10,2.32
9/21/10,2.37
9/22/10,2.32
9/23/10,2.29
9/24/10,2.31
9/27/10,2.21
9/28/10,2.27
9/29/10,2.26
9/30/10,2.26
10/1/10,2.25
10/4/10,2.23
10/5/10,2.3
10/6/10,2.33
10/7/10,2.35
10/8/10,2.44
10/11/10,#N/A
10/12/10,2.42
10/13/10,2.47
10/14/10,2.55
10/15/10,2.6
10/18/10,2.57
10/19/10,2.61
10/20/10,2.6
10/21/10,2.62
10/22/10,2.62
10/25/10,2.66
10/26/10,2.67
10/27/10,2.67
10/28/10,2.72
10/29/10,2.78
11/1/10,2.83
11/2/10,2.79
11/3/10,2.83
11/4/10,2.66
11/5/10,2.63
11/8/10,2.66
11/9/10,2.7
11/10/10,2.58
11/11/10,#N/A
11/12/10,2.53
11/15/10,2.53
11/16/10,2.47
11/17/10,2.57
11/18/10,2.57
11/19/10,2.63
11/22/10,2.62
11/23/10,2.62
11/24/10,2.67
11/25/10,#N/A
11/26/10,2.64
11/29/10,2.64
11/30/10,2.6
12/1/10,2.68
12/2/10,2.7
12/3/10,2.72
12/6/10,2.72
12/7/10,2.79
12/8/10,2.7
12/9/10,2.63
12/10/10,2.67
12/13/10,2.7
12/14/10,2.75
12/15/10,2.85
12/16/10,2.86
12/17/10,2.81
12/20/10,2.83
12/21/10,2.81
12/22/10,2.85
12/23/10,2.83
12/24/10,#N/A
12/27/10,2.77
12/28/10,2.82
12/29/10,2.77
12/30/10,2.78
12/31/10,2.77
1/3/11,2.8
1/4/11,2.84
1/5/11,2.9
1/6/11,2.86
1/7/11,2.81
1/10/11,2.81
1/11/11,2.8
1/12/11,2.84
1/13/11,2.79
1/14/11,2.77
1/17/11,#N/A
1/18/11,2.85
1/19/11,2.82
1/20/11,2.6
1/21/11,2.56
1/24/11,2.57
1/25/11,2.54
1/26/11,2.62
1/27/11,2.62
1/28/11,2.61
1/31/11,2.72
2/1/11,2.73
2/2/11,2.71
2/3/11,2.7
2/4/11,2.77
2/7/11,2.74
2/8/11,2.77
2/9/11,2.68
2/10/11,2.7
2/11/11,2.68
2/14/11,2.7
2/15/11,2.65
2/16/11,2.56
2/17/11,2.57
2/18/11,2.64
2/21/11,#N/A
2/22/11,2.59
2/23/11,2.58
2/24/11,2.62
2/25/11,2.63
2/28/11,2.63
3/1/11,2.65
3/2/11,2.65
3/3/11,2.71
3/4/11,2.74
3/7/11,2.76
3/8/11,2.79
3/9/11,2.75
3/10/11,2.7
3/11/11,2.71
3/14/11,2.71
3/15/11,2.64
3/16/11,2.65
3/17/11,2.68
3/18/11,2.68
3/21/11,2.68
3/22/11,2.59
3/23/11,2.6
3/24/11,2.72
3/25/11,2.69
3/28/11,2.74
3/29/11,2.74
3/30/11,2.75
3/31/11,2.75
4/1/11,2.79
4/4/11,2.79
4/5/11,2.8
4/6/11,2.8
4/7/11,2.85
4/8/11,2.9
4/11/11,2.88
4/12/11,2.92
4/13/11,2.92
4/14/11,2.99
4/15/11,2.99
4/18/11,3.01
4/19/11,3.02
4/20/11,2.95
4/21/11,2.89
4/22/11,#N/A
4/25/11,2.9
4/26/11,2.84
4/27/11,2.79
4/28/11,2.71
4/29/11,2.69
5/2/11,2.68
5/3/11,2.68
5/4/11,2.69
5/5/11,2.68
5/6/11,2.71
5/9/11,2.67
5/10/11,2.67
5/11/11,2.66
5/12/11,2.66
5/13/11,2.63
5/16/11,2.56
5/17/11,2.52
5/18/11,2.58
5/19/11,2.42
5/20/11,2.53
5/23/11,2.55
5/24/11,2.59
5/25/11,2.58
5/26/11,2.56
5/27/11,2.53
5/30/11,#N/A
5/31/11,2.5
6/1/11,2.45
6/2/11,2.5
6/3/11,2.45
6/6/11,2.47
6/7/11,2.46
6/8/11,2.43
6/9/11,2.39
6/10/11,2.41
6/13/11,2.41
6/14/11,2.52
6/15/11,2.49
6/16/11,2.45
6/17/11,2.48
6/20/11,2.47
6/21/11,2.51
6/22/11,2.48
6/23/11,2.63
6/24/11,2.69
6/27/11,2.76
6/28/11,2.76
6/29/11,2.8
6/30/11,2.83
7/1/11,2.85
7/4/11,#N/A
7/5/11,2.75
7/6/11,2.73
7/7/11,2.74
7/8/11,2.67
7/11/11,2.61
7/12/11,2.63
7/13/11,2.67
7/14/11,2.62
7/15/11,2.68
7/18/11,2.72
7/19/11,2.72
7/20/11,2.67
7/21/11,2.66
7/22/11,2.73
7/25/11,2.84
7/26/11,2.83
7/27/11,2.8
7/28/11,2.81
7/29/11,2.81
8/1/11,2.81
8/2/11,2.75
8/3/11,2.69
8/4/11,2.67
8/5/11,2.7
8/8/11,2.66
8/9/11,2.65
8/10/11,2.65
8/11/11,2.7
8/12/11,2.68
8/15/11,2.66
8/16/11,2.62
8/17/11,2.59
8/18/11,2.36
8/19/11,2.4
8/22/11,2.41
8/23/11,2.38
8/24/11,2.43
8/25/11,2.52
8/26/11,2.44
8/29/11,2.45
8/30/11,2.43
8/31/11,2.38
9/1/11,2.44
9/2/11,2.32
9/5/11,#N/A
9/6/11,2.23
9/7/11,2.25
9/8/11,2.27
9/9/11,2.27
9/12/11,2.25
9/13/11,2.25
9/14/11,2.24
9/15/11,2.19
9/16/11,2.21
9/19/11,2.15
9/20/11,2.15
9/21/11,2.06
9/22/11,1.93
9/23/11,2
9/26/11,2.1
9/27/11,2.19
9/28/11,2.17
9/29/11,2.1
9/30/11,2
10/3/11,1.98
10/4/11,2.03
10/5/11,2.1
10/6/11,2.18
10/7/11,2.25
10/10/11,#N/A
10/11/11,2.25
10/12/11,2.29
10/13/11,2.23
10/14/11,2.3
10/17/11,2.22
10/18/11,2.22
10/19/11,2.19
10/20/11,2.24
10/21/11,2.26
10/24/11,2.28
10/25/11,2.28
10/26/11,2.33
10/27/11,2.42
10/28/11,2.37
10/31/11,2.3
11/1/11,2.28
11/2/11,2.29
11/3/11,2.27
11/4/11,2.31
11/7/11,2.34
11/8/11,2.37
11/9/11,2.21
11/10/11,2.28
11/11/11,#N/A
11/14/11,2.26
11/15/11,2.28
11/16/11,2.24
11/17/11,2.21
11/18/11,2.28
11/21/11,2.21
11/22/11,2.18
11/23/11,2.19
11/24/11,#N/A
11/25/11,2.2
11/28/11,2.24
11/29/11,2.28
11/30/11,2.34
12/1/11,2.34
12/2/11,2.34
12/5/11,2.33
12/6/11,2.31
12/7/11,2.35
12/8/11,2.31
12/9/11,2.4
12/12/11,2.44
12/13/11,2.37
12/14/11,2.32
12/15/11,2.25
12/16/11,2.24
12/19/11,2.24
12/20/11,2.36
12/21/11,2.4
12/22/11,2.44
12/23/11,2.46
12/26/11,#N/A
12/27/11,2.43
12/28/11,2.37
12/29/11,2.31
12/30/11,2.33
1/2/12,#N/A
1/3/12,2.36
1/4/12,2.45
1/5/12,2.5
1/6/12,2.47
1/9/12,2.49
1/10/12,2.46
1/11/12,2.39
1/12/12,2.39
1/13/12,2.37
1/16/12,#N/A
1/17/12,2.38
1/18/12,2.41
1/19/12,2.27
1/20/12,2.32
1/23/12,2.37
1/24/12,2.37
1/25/12,2.43
1/26/12,2.38
1/27/12,2.34
1/30/12,2.35
1/31/12,2.34
2/1/12,2.41
2/2/12,2.43
2/3/12,2.48
2/6/12,2.47
2/7/12,2.47
2/8/12,2.53
2/9/12,2.51
2/10/12,2.52
2/13/12,2.45
2/14/12,2.46
2/15/12,2.48
2/16/12,2.53
2/17/12,2.55
2/20/12,#N/A
2/21/12,2.56
2/22/12,2.57
2/23/12,2.54
2/24/12,2.51
2/27/12,2.46
2/28/12,2.51
2/29/12,2.53
3/1/12,2.53
3/2/12,2.51
3/5/12,2.46
3/6/12,2.42
3/7/12,2.42
3/8/12,2.47
3/9/12,2.49
3/12/12,2.5
3/13/12,2.55
3/14/12,2.57
3/15/12,2.61
3/16/12,2.68
3/19/12,2.71
3/20/12,2.69
3/21/12,2.67
3/22/12,2.68
3/23/12,2.68
3/26/12,2.66
3/27/12,2.65
3/28/12,2.61
3/29/12,2.63
3/30/12,2.62
4/2/12,2.68
4/3/12,2.68
4/4/12,2.64
4/5/12,2.59
4/6/12,2.61
4/9/12,2.62
4/10/12,2.63
4/11/12,2.65
4/12/12,2.69
4/13/12,2.63
4/16/12,2.63
4/17/12,2.67
4/18/12,2.65
4/19/12,2.47
4/20/12,2.5
4/23/12,2.49
4/24/12,2.49
4/25/12,2.48
4/26/12,2.5
4/27/12,2.46
4/30/12,2.44
5/1/12,2.46
5/2/12,2.44
5/3/12,2.45
5/4/12,2.49
5/7/12,2.44
5/8/12,2.37
5/9/12,2.34
5/10/12,2.32
5/11/12,2.33
5/14/12,2.31
5/15/12,2.32
5/16/12,2.29
5/17/12,2.23
5/18/12,2.35
5/21/12,2.46
5/22/12,2.47
5/23/12,2.48
5/24/12,2.49
5/25/12,2.48
5/28/12,#N/A
5/29/12,2.46
5/30/12,2.45
5/31/12,2.46
6/1/12,2.47
6/4/12,2.49
6/5/12,2.55
6/6/12,2.59
6/7/12,2.53
6/8/12,2.51
6/11/12,2.47
6/12/12,2.49
6/13/12,2.44
6/14/12,2.43
6/15/12,2.42
6/18/12,2.41
6/19/12,2.47
6/20/12,2.44
6/21/12,2.43
6/22/12,2.48
6/25/12,2.5
6/26/12,2.52
6/27/12,2.52
6/28/12,2.52
6/29/12,2.54
7/2/12,2.51
7/3/12,2.49
7/4/12,#N/A
7/5/12,2.46
7/6/12,2.44
7/9/12,2.43
7/10/12,2.45
7/11/12,2.43
7/12/12,2.4
7/13/12,2.44
7/16/12,2.44
7/17/12,2.46
7/18/12,2.45
7/19/12,2.5
7/20/12,2.55
7/23/12,2.55
7/24/12,2.54
7/25/12,2.52
7/26/12,2.51
7/27/12,2.59
7/30/12,2.56
7/31/12,2.57
8/1/12,2.61
8/2/12,2.57
8/3/12,2.65
8/6/12,2.65
8/7/12,2.67
8/8/12,2.66
8/9/12,2.62
8/10/12,2.6
8/13/12,2.56
8/14/12,2.61
8/15/12,2.61
8/16/12,2.6
8/17/12,2.62
8/20/12,2.66
8/21/12,2.64
8/22/12,2.64
8/23/12,2.64
8/24/12,2.62
8/27/12,2.61
8/28/12,2.66
8/29/12,2.65
8/30/12,2.6
8/31/12,2.55
9/3/12,#N/A
9/4/12,2.57
9/5/12,2.6
9/6/12,2.61
9/7/12,2.67
9/10/12,2.64
9/11/12,2.65
9/12/12,2.64
9/13/12,2.71
9/14/12,2.89
9/17/12,2.87
9/18/12,2.87
9/19/12,2.89
9/20/12,2.79
9/21/12,2.78
9/24/12,2.79
9/25/12,2.73
9/26/12,2.73
9/27/12,2.77
9/28/12,2.73
10/1/12,2.73
10/2/12,2.82
10/3/12,2.76
10/4/12,2.87
10/5/12,2.86
10/8/12,#N/A
10/9/12,2.83
10/10/12,2.81
10/11/12,2.75
10/12/12,2.79
10/15/12,2.77
10/16/12,2.74
10/17/12,2.74
10/18/12,2.82
10/19/12,2.81
10/22/12,2.88
10/23/12,2.85
10/24/12,2.85
10/25/12,2.85
10/26/12,2.86
10/29/12,2.85
10/30/12,#N/A
10/31/12,2.88
11/1/12,2.91
11/2/12,2.84
11/5/12,2.87
11/6/12,2.88
11/7/12,2.88
11/8/12,2.87
11/9/12,2.83
11/12/12,#N/A
11/13/12,2.82
11/14/12,2.78
11/15/12,2.76
11/16/12,2.77
11/19/12,2.75
11/20/12,2.75
11/21/12,2.75
11/22/12,#N/A
11/23/12,2.78
11/26/12,2.74
11/27/12,2.74
11/28/12,2.77
11/29/12,2.8
11/30/12,2.81
12/3/12,2.84
12/4/12,2.86
12/5/12,2.84
12/6/12,2.86
12/7/12,2.9
12/10/12,2.95
12/11/12,2.93
12/12/12,2.9
12/13/12,2.82
12/14/12,2.81
12/17/12,2.85
12/18/12,2.88
12/19/12,2.83
12/20/12,2.84
12/21/12,2.86
12/24/12,2.83
12/25/12,#N/A
12/26/12,2.85
12/27/12,2.83
12/28/12,2.86
12/31/12,2.81
1/1/13,#N/A
1/2/13,2.84
1/3/13,2.81
1/4/13,2.83
1/7/13,2.88
1/8/13,2.83
1/9/13,2.86
1/10/13,2.86
1/11/13,2.86
1/14/13,2.98
1/15/13,2.84
1/16/13,2.8
1/17/13,2.87
1/18/13,2.86
1/21/13,#N/A
1/22/13,2.93
1/23/13,2.83
1/24/13,2.78
1/25/13,2.87
1/28/13,2.86
1/29/13,2.85
1/30/13,2.88
1/31/13,2.85
2/1/13,2.84
2/4/13,2.86
2/5/13,2.86
2/6/13,2.84
2/7/13,2.85
2/8/13,2.91
2/11/13,2.88
2/12/13,2.98
2/13/13,2.92
2/14/13,2.9
2/15/13,2.89
2/18/13,#N/A
2/19/13,2.9
2/20/13,2.89
2/21/13,2.87
2/22/13,2.88
2/25/13,2.81
2/26/13,2.82
2/27/13,2.86
2/28/13,2.88
3/1/13,2.86
3/4/13,2.84
3/5/13,2.84
3/6/13,2.85
3/7/13,2.9
3/8/13,2.94
3/11/13,2.86
3/12/13,2.83
3/13/13,2.83
3/14/13,2.83
3/15/13,2.82
3/18/13,2.86
3/19/13,2.81
3/20/13,2.81
3/21/13,2.82
3/22/13,2.83
3/25/13,2.82
3/26/13,2.85
3/27/13,2.8
3/28/13,2.78
3/29/13,#N/A
4/1/13,2.79
4/2/13,2.8
4/3/13,2.78
4/4/13,2.83
4/5/13,2.82
4/8/13,2.76
4/9/13,2.84
4/10/13,2.78
4/11/13,2.82
4/12/13,2.75
4/15/13,2.8
4/16/13,2.78
4/17/13,2.76
4/18/13,2.54
4/19/13,2.6
4/22/13,2.66
4/23/13,2.72
4/24/13,2.69
4/25/13,2.68
4/26/13,2.65
4/29/13,2.64
4/30/13,2.62
5/1/13,2.62
5/2/13,2.57
5/3/13,2.59
5/6/13,2.57
5/7/13,2.59
5/8/13,2.55
5/9/13,2.6
5/10/13,2.65
5/13/13,2.64
5/14/13,2.63
5/15/13,2.59
5/16/13,2.57
5/17/13,2.54
5/20/13,2.56
5/21/13,2.57
5/22/13,2.57
5/23/13,2.59
5/24/13,2.61
5/27/13,#N/A
5/28/13,2.62
5/29/13,2.55
5/30/13,2.53
5/31/13,2.55
6/3/13,2.51
6/4/13,2.46
6/5/13,2.44
6/6/13,2.39
6/7/13,2.39
6/10/13,2.37
6/11/13,2.31
6/12/13,2.27
6/13/13,2.28
6/14/13,2.28
6/17/13,2.28
6/18/13,2.28
6/19/13,2.25
6/20/13,2.16
6/21/13,2.2
6/24/13,2.24
6/25/13,2.27
6/26/13,2.23
6/27/13,2.25
6/28/13,2.22
7/1/13,2.24
7/2/13,2.26
7/3/13,2.25
7/4/13,#N/A
7/5/13,2.27
7/8/13,2.27
7/9/13,2.26
7/10/13,2.25
7/11/13,2.26
7/12/13,2.28
7/15/13,2.34
7/16/13,2.39
7/17/13,2.38
7/18/13,2.47
7/19/13,2.51
7/22/13,2.53
7/23/13,2.5
7/24/13,2.47
7/25/13,2.51
7/26/13,2.47
7/29/13,2.51
7/30/13,2.52
7/31/13,2.57
8/1/13,2.58
8/2/13,2.51
8/5/13,2.58
8/6/13,2.62
8/7/13,2.59
8/8/13,2.58
8/9/13,2.57
8/12/13,2.57
8/13/13,2.54
8/14/13,2.56
8/15/13,2.51
8/16/13,2.53
8/19/13,2.5
8/20/13,2.52
8/21/13,2.51
8/22/13,2.45
8/23/13,2.44
8/26/13,2.48
8/27/13,2.44
8/28/13,2.45
8/29/13,2.4
8/30/13,2.42
9/2/13,#N/A
9/3/13,2.44
9/4/13,2.4
9/5/13,2.41
9/6/13,2.43
9/9/13,2.43
9/10/13,2.46
9/11/13,2.5
9/12/13,2.47
9/13/13,2.45
9/16/13,2.48
9/17/13,2.53
9/18/13,2.56
9/19/13,2.59
9/20/13,2.61
9/23/13,2.68
9/24/13,2.61
9/25/13,2.57
9/26/13,2.61
9/27/13,2.6
9/30/13,2.64
10/1/13,2.63
10/2/13,2.6
10/3/13,2.61
10/4/13,2.61
10/7/13,2.61
10/8/13,2.6
10/9/13,2.64
10/10/13,2.61
10/11/13,2.61
10/14/13,#N/A
10/15/13,2.63
10/16/13,2.59
10/17/13,2.55
10/18/13,2.58
10/21/13,2.59
10/22/13,2.58
10/23/13,2.54
10/24/13,2.57
10/25/13,2.61
10/28/13,2.59
10/29/13,2.6
10/30/13,2.59
10/31/13,2.6
11/1/13,2.6
11/4/13,2.55
11/5/13,2.56
11/6/13,2.61
11/7/13,2.58
11/8/13,2.59
11/11/13,#N/A
11/12/13,2.57
11/13/13,2.55
11/14/13,2.56
11/15/13,2.56
11/18/13,2.58
11/19/13,2.59
11/20/13,2.57
11/21/13,2.62
11/22/13,2.62
11/25/13,2.61
11/26/13,2.63
11/27/13,2.61
11/28/13,#N/A
11/29/13,2.61
12/2/13,2.6
12/3/13,2.61
12/4/13,2.58
12/5/13,2.58
12/6/13,2.57
12/9/13,2.61
12/10/13,2.6
12/11/13,2.65
12/12/13,2.63
12/13/13,2.66
12/16/13,2.68
12/17/13,2.67
12/18/13,2.67
12/19/13,2.55
12/20/13,2.68
12/23/13,2.69
12/24/13,2.7
12/25/13,#N/A
12/26/13,2.7
12/27/13,2.76
12/30/13,2.82
12/31/13,2.79
1/1/14,#N/A
1/2/14,2.81
1/3/14,2.83
1/6/14,2.77
1/7/14,2.69
1/8/14,2.82
1/9/14,2.79
1/10/14,2.83
1/13/14,2.83
1/14/14,2.76
1/15/14,2.84
1/16/14,2.76
1/17/14,2.8
1/20/14,#N/A
1/21/14,2.81
1/22/14,2.71
1/23/14,2.54
1/24/14,2.6
1/27/14,2.56
1/28/14,2.59
1/29/14,2.56
1/30/14,2.54
1/31/14,2.56
2/3/14,2.58
2/4/14,2.49
2/5/14,2.5
2/6/14,2.5
2/7/14,2.59
2/10/14,2.59
2/11/14,2.58
2/12/14,2.59
2/13/14,2.57
2/14/14,2.65
2/17/14,#N/A
2/18/14,2.49
2/19/14,2.48
2/20/14,2.48
2/21/14,2.5
2/24/14,2.54
2/25/14,2.52
2/26/14,2.56
2/27/14,2.51
2/28/14,2.55
3/3/14,2.54
3/4/14,2.57
3/5/14,2.56
3/6/14,2.58
3/7/14,2.63
3/10/14,2.56
3/11/14,2.54
3/12/14,2.56
3/13/14,2.59
3/14/14,2.6
3/17/14,2.56
3/18/14,2.59
3/19/14,2.59
3/20/14,2.51
3/21/14,2.49
3/24/14,2.51
3/25/14,2.58
3/26/14,2.53
3/27/14,2.53
3/28/14,2.54
3/31/14,2.56
4/1/14,2.57
4/2/14,2.56
4/3/14,2.6
4/4/14,2.55
4/7/14,2.63
4/8/14,2.51
4/9/14,2.58
4/10/14,2.59
4/11/14,2.62
4/14/14,2.55
4/15/14,2.6
4/16/14,2.61
4/17/14,2.47
4/18/14,#N/A
4/21/14,2.43
4/22/14,2.44
4/23/14,2.44
4/24/14,2.43
4/25/14,2.44
4/28/14,2.41
4/29/14,2.41
4/30/14,2.4
5/1/14,2.44
5/2/14,2.43
5/5/14,2.44
5/6/14,2.41
5/7/14,2.48
5/8/14,2.45
5/9/14,2.44
5/12/14,2.45
5/13/14,2.43
5/14/14,2.42
5/15/14,2.42
5/16/14,2.42
5/19/14,2.41
5/20/14,2.42
5/21/14,2.41
5/22/14,2.45
5/23/14,2.47
5/26/14,#N/A
5/27/14,2.47
5/28/14,2.5
5/29/14,2.5
5/30/14,2.51
6/2/14,2.51
6/3/14,2.46
6/4/14,2.44
6/5/14,2.44
6/6/14,2.47
6/9/14,2.47
6/10/14,2.48
6/11/14,2.5
6/12/14,2.43
6/13/14,2.45
6/16/14,2.48
6/17/14,2.49
6/18/14,2.48
6/19/14,2.48
6/20/14,2.54
6/23/14,2.53
6/24/14,2.51
6/25/14,2.53
6/26/14,2.52
6/27/14,2.51
6/30/14,2.52
7/1/14,2.52
7/2/14,2.51
7/3/14,2.53
7/4/14,#N/A
7/7/14,2.53
7/8/14,2.55
7/9/14,2.6
7/10/14,2.56
7/11/14,2.57
7/14/14,2.55
7/15/14,2.54
7/16/14,2.51
7/17/14,2.49
7/18/14,2.52
7/21/14,2.51
7/22/14,2.53
7/23/14,2.54
7/24/14,2.61
7/25/14,2.61
7/28/14,2.61
7/29/14,2.6
7/30/14,2.6
7/31/14,2.61
8/1/14,2.62
8/4/14,2.6
8/5/14,2.58
8/6/14,2.6
8/7/14,2.59
8/8/14,2.64
8/11/14,2.64
8/12/14,2.61
8/13/14,2.58
8/14/14,2.58
8/15/14,2.53
8/18/14,2.51
8/19/14,2.53
8/20/14,2.51
8/21/14,2.54
8/22/14,2.49
8/25/14,2.52
8/26/14,2.45
8/27/14,2.48
8/28/14,2.49
8/29/14,2.48
9/1/14,#N/A
9/2/14,2.54
9/3/14,2.57
9/4/14,2.58
9/5/14,2.53
9/8/14,2.52
9/9/14,2.51
9/10/14,2.51
9/11/14,2.48
9/12/14,2.51
9/15/14,2.53
9/16/14,2.49
9/17/14,2.49
9/18/14,2.48
9/19/14,2.5
9/22/14,2.38
9/23/14,2.41
9/24/14,2.4
9/25/14,2.42
9/26/14,2.35
9/29/14,2.29
9/30/14,2.38
10/1/14,2.32
10/2/14,2.33
10/3/14,2.3
10/6/14,2.31
10/7/14,2.32
10/8/14,2.38
10/9/14,2.42
10/10/14,2.4
10/13/14,#N/A
10/14/14,2.43
10/15/14,2.35
10/16/14,2.41
10/17/14,2.41
10/20/14,2.37
10/21/14,2.38
10/22/14,2.35
10/23/14,2.39
10/24/14,2.34
10/27/14,2.34
10/28/14,2.35
10/29/14,2.37
10/30/14,2.31
10/31/14,2.31
11/3/14,2.31
11/4/14,2.35
11/5/14,2.32
11/6/14,2.3
11/7/14,2.29
11/10/14,2.3
11/11/14,#N/A
11/12/14,2.29
11/13/14,2.28
11/14/14,2.33
11/17/14,2.3
11/18/14,2.26
11/19/14,2.27
11/20/14,2.29
11/21/14,2.28
11/24/14,2.29
11/25/14,2.23
11/26/14,2.2
11/27/14,#N/A
11/28/14,2.19
12/1/14,2.19
12/2/14,2.18
12/3/14,2.2
12/4/14,2.18
12/5/14,2.15
12/8/14,2.18
12/9/14,2.12
12/10/14,2.15
12/11/14,2.13
12/12/14,2.08
12/15/14,2.07
12/16/14,2.09
12/17/14,2.08
12/18/14,2.1
12/19/14,2.09
12/22/14,2.11
12/23/14,2.1
12/24/14,2.1
12/25/14,#N/A
12/26/14,2.08
12/29/14,2.08
12/30/14,2.07
12/31/14,2.09
1/1/15,#N/A
1/2/15,2.12
1/5/15,2.03
1/6/15,1.96
1/7/15,1.98
1/8/15,2.03
1/9/15,2.04
1/12/15,1.98
1/13/15,2.03
1/14/15,1.96
1/15/15,1.98
1/16/15,2.01
1/19/15,#N/A
1/20/15,1.99
1/21/15,2.05
1/22/15,2.03
1/23/15,1.99
1/26/15,1.98
1/27/15,2.03
1/28/15,1.98
1/29/15,1.93
1/30/15,2.01
2/2/15,1.98
2/3/15,2
2/4/15,2.07
2/5/15,2.02
2/6/15,2.06
2/9/15,2.06
2/10/15,2.08
2/11/15,2.04
2/12/15,1.95
2/13/15,2.04
2/16/15,#N/A
2/17/15,2.09
2/18/15,2.1
2/19/15,2.13
2/20/15,2.13
2/23/15,2.1
2/24/15,2.11
2/25/15,2.08
2/26/15,2.09
2/27/15,2.17
3/2/15,2.12
3/3/15,2.15
3/4/15,2.13
3/5/15,2.15
3/6/15,2.11
3/9/15,2.05
3/10/15,2.1
3/11/15,1.99
3/12/15,2.01
3/13/15,1.98
3/16/15,2.03
3/17/15,1.94
3/18/15,2.07
3/19/15,2.09
3/20/15,2.02
3/23/15,2.02
3/24/15,2.01
3/25/15,2.06
3/26/15,2.03
3/27/15,1.98
3/30/15,1.97
3/31/15,2.01
4/1/15,2.02
4/2/15,2.06
4/3/15,2.08
4/6/15,2.1
4/7/15,2.1
4/8/15,2.1
4/9/15,2.09
4/10/15,2.08
4/13/15,2.05
4/14/15,2.05
4/15/15,2.09
4/16/15,2.12
4/17/15,2.13
4/20/15,2.18
4/21/15,2.13
4/22/15,2.14
4/23/15,2.08
4/24/15,2.07
4/27/15,2.11
4/28/15,2.09
4/29/15,2.14
4/30/15,2.16
5/1/15,2.16
5/4/15,2.15
5/5/15,2.16
5/6/15,2.13
5/7/15,2.1
5/8/15,2.1
5/11/15,2.12
5/12/15,2.11
5/13/15,2.05
5/14/15,2.09
5/15/15,2.04
5/18/15,2.08
5/19/15,2.08
5/20/15,2.11
5/21/15,2.05
5/22/15,2.09
5/25/15,#N/A
5/26/15,2.05
5/27/15,2.06
5/28/15,2.07
5/29/15,2.03
6/1/15,2.05
6/2/15,2.07
6/3/15,2.07
6/4/15,2.03
6/5/15,2.08
6/8/15,2.07
6/9/15,2.07
6/10/15,2.08
6/11/15,2.03
6/12/15,2.04
6/15/15,2.06
6/16/15,2.09
6/17/15,2.11
6/18/15,2.11
6/19/15,2.09
6/22/15,2.15
6/23/15,2.17
6/24/15,2.16
6/25/15,2.19
6/26/15,2.18
6/29/15,2.15
6/30/15,2.13
7/1/15,2.18
7/2/15,2.2
7/3/15,#N/A
7/6/15,2.17
7/7/15,2.17
7/8/15,2.12
7/9/15,2.14
7/10/15,2.16
7/13/15,2.16
7/14/15,2.15
7/15/15,2.15
7/16/15,2.16
7/17/15,2.16
7/20/15,2.15
7/21/15,2.15
7/22/15,2.12
7/23/15,2.13
7/24/15,2.12
7/27/15,2.11
7/28/15,2.12
7/29/15,2.14
7/30/15,2.14
7/31/15,2.12
8/3/15,2.09
8/4/15,2.11
8/5/15,2.09
8/6/15,2.03
8/7/15,2.04
8/10/15,2.08
8/11/15,2.05
8/12/15,1.97
8/13/15,2
8/14/15,1.99
8/17/15,1.94
8/18/15,1.95
8/19/15,1.97
8/20/15,1.95
8/21/15,1.93
8/24/15,1.87
8/25/15,1.91
8/26/15,1.93
8/27/15,1.96
8/28/15,2
8/31/15,2
9/1/15,1.96
9/2/15,1.93
9/3/15,1.92
9/4/15,1.88
9/7/15,#N/A
9/8/15,1.91
9/9/15,1.97
9/10/15,1.97
9/11/15,1.97
9/14/15,1.93
9/15/15,1.92
9/16/15,1.93
9/17/15,1.92
9/18/15,1.91
9/21/15,1.89
9/22/15,1.87
9/23/15,1.88
9/24/15,1.87
9/25/15,1.81
9/28/15,1.76
9/29/15,1.75
9/30/15,1.75
10/1/15,1.79
10/2/15,1.81
10/5/15,1.84
10/6/15,1.82
10/7/15,1.88
10/8/15,1.9
10/9/15,1.86
10/12/15,#N/A
10/13/15,1.86
10/14/15,1.83
10/15/15,1.82
10/16/15,1.78
10/19/15,1.77
10/20/15,1.8
10/21/15,1.77
10/22/15,1.8
10/23/15,1.83
10/26/15,1.8
10/27/15,1.81
10/28/15,1.8
10/29/15,1.85
10/30/15,1.86
11/2/15,1.87
11/3/15,1.89
11/4/15,1.88
11/5/15,1.87
11/6/15,1.93
11/9/15,1.92
11/10/15,1.85
11/11/15,#N/A
11/12/15,1.84
11/13/15,1.83
11/16/15,1.82
11/17/15,1.83
11/18/15,1.87
11/19/15,1.85
11/20/15,1.89
11/23/15,1.89
11/24/15,1.91
11/25/15,1.91
11/26/15,#N/A
11/27/15,1.89
11/30/15,1.88
12/1/15,1.85
12/2/15,1.85
12/3/15,1.89
12/4/15,1.9
12/7/15,1.87
12/8/15,1.87
12/9/15,1.85
12/10/15,1.82
12/11/15,1.75
12/14/15,1.73
12/15/15,1.74
12/16/15,1.72
12/17/15,1.73
12/18/15,1.71
12/21/15,1.71
12/22/15,1.73
12/23/15,1.77
12/24/15,1.81
12/25/15,#N/A
12/28/15,1.76
12/29/15,1.78
12/30/15,1.8
12/31/15,1.77
1/1/16,#N/A
1/4/16,1.79
1/5/16,1.81
1/6/16,1.8
1/7/16,1.75
1/8/16,1.73
1/11/16,1.71
1/12/16,1.67
1/13/16,1.68
1/14/16,1.66
1/15/16,1.6
1/18/16,#N/A
1/19/16,1.6
1/20/16,1.54
1/21/16,1.48
1/22/16,1.55
1/25/16,1.53
1/26/16,1.55
1/27/16,1.62
1/28/16,1.64
1/29/16,1.63
2/1/16,1.6
2/2/16,1.58
2/3/16,1.6
2/4/16,1.59
2/5/16,1.59
2/8/16,1.49
2/9/16,1.49
2/10/16,1.47
2/11/16,1.42
2/12/16,1.47
2/15/16,#N/A
2/16/16,1.47
2/17/16,1.52
2/18/16,1.46
2/19/16,1.46
2/22/16,1.51
2/23/16,1.51
2/24/16,1.57
2/25/16,1.6
2/26/16,1.62
2/29/16,1.61
3/1/16,1.67
3/2/16,1.68
3/3/16,1.7
3/4/16,1.66
3/7/16,1.6
3/8/16,1.59
3/9/16,1.65
3/10/16,1.61
3/11/16,1.67
3/14/16,1.66
3/15/16,1.65
3/16/16,1.71
3/17/16,1.68
3/18/16,1.75
3/21/16,1.78
3/22/16,1.78
3/23/16,1.72
3/24/16,1.72
3/25/16,#N/A
3/28/16,1.72
3/29/16,1.75
3/30/16,1.78
3/31/16,1.75
4/1/16,1.75
4/4/16,1.8
4/5/16,1.75
4/6/16,1.75
4/7/16,1.75
4/8/16,1.73
4/11/16,1.71
4/12/16,1.75
4/13/16,1.69
4/14/16,1.7
4/15/16,1.7
4/18/16,1.73
4/19/16,1.74
4/20/16,1.75
4/21/16,1.72
4/22/16,1.72
4/25/16,1.74
4/26/16,1.78
4/27/16,1.79
4/28/16,1.83
4/29/16,1.82
5/2/16,1.78
5/3/16,1.74
5/4/16,1.74
5/5/16,1.74
5/6/16,1.71
5/9/16,1.68
5/10/16,1.71
5/11/16,1.65
5/12/16,1.67
5/13/16,1.64
5/16/16,1.67
5/17/16,1.66
5/18/16,1.68
5/19/16,1.61
5/20/16,1.61
5/23/16,1.59
5/24/16,1.59
5/25/16,1.65
5/26/16,1.65
5/27/16,1.65
5/30/16,#N/A
5/31/16,1.61
6/1/16,1.61
6/2/16,1.6
6/3/16,1.59
6/6/16,1.59
6/7/16,1.63
6/8/16,1.64
6/9/16,1.59
6/10/16,1.55
6/13/16,1.49
6/14/16,1.45
6/15/16,1.47
6/16/16,1.42
6/17/16,1.41
6/20/16,1.43
6/21/16,1.45
6/22/16,1.47
6/23/16,1.53
6/24/16,1.48
6/27/16,1.41
6/28/16,1.42
6/29/16,1.44
6/30/16,1.42
7/1/16,1.43
7/4/16,#N/A
7/5/16,1.41
7/6/16,1.45
7/7/16,1.45
7/8/16,1.47
7/11/16,1.43
7/12/16,1.46
7/13/16,1.47
7/14/16,1.46
7/15/16,1.54
7/18/16,1.57
7/19/16,1.49
7/20/16,1.52
7/21/16,1.66
7/22/16,1.66
7/25/16,1.66
7/26/16,1.67
7/27/16,1.67
7/28/16,1.71
7/29/16,1.67
8/1/16,1.65
8/2/16,1.63
8/3/16,1.64
8/4/16,1.64
8/5/16,1.67
8/8/16,1.68
8/9/16,1.68
8/10/16,1.61
8/11/16,1.62
8/12/16,1.59
8/15/16,1.6
8/16/16,1.6
8/17/16,1.63
8/18/16,1.62
8/19/16,1.62
8/22/16,1.6
8/23/16,1.62
8/24/16,1.64
8/25/16,1.65
8/26/16,1.63
8/29/16,1.63
8/30/16,1.64
8/31/16,1.67
9/1/16,1.66
9/2/16,1.66
9/5/16,#N/A
9/6/16,1.69
9/7/16,1.72
9/8/16,1.7
9/9/16,1.68
9/12/16,1.69
9/13/16,1.67
9/14/16,1.68
9/15/16,1.67
9/16/16,1.68
9/19/16,1.65
9/20/16,1.65
9/21/16,1.65
9/22/16,1.7
9/23/16,1.72
9/26/16,1.68
9/27/16,1.66
9/28/16,1.68
9/29/16,1.64
9/30/16,1.75
10/3/16,1.79
10/4/16,1.79
10/5/16,1.76
10/6/16,1.79
10/7/16,1.76
10/10/16,#N/A
10/11/16,1.77
10/12/16,1.77
10/13/16,1.76
10/14/16,1.81
10/17/16,1.81
10/18/16,1.78
10/19/16,1.8
10/20/16,1.8
10/21/16,1.78
10/24/16,1.79
10/25/16,1.83
10/26/16,1.84
10/27/16,1.87
10/28/16,1.86
10/31/16,1.87
11/1/16,1.85
11/2/16,1.85
11/3/16,1.84
11/4/16,1.84
11/7/16,1.86
11/8/16,1.89
11/9/16,1.97
11/10/16,2.06
11/11/16,#N/A
11/14/16,2.01
11/15/16,1.97
11/16/16,2
11/17/16,2.03
11/18/16,2.06
11/21/16,2.08
11/22/16,2.05
11/23/16,2.1
11/24/16,#N/A
11/25/16,2.04
11/28/16,2.01
11/29/16,2.03
11/30/16,2.11
12/1/16,2.13
12/2/16,2.06
12/5/16,2.09
12/6/16,2.1
12/7/16,2.06
12/8/16,2.07
12/9/16,2.09
12/12/16,2.1
12/13/16,2.04
12/14/16,2.06
12/15/16,2.02
12/16/16,1.97
12/19/16,1.98
12/20/16,2
12/21/16,2.08
12/22/16,2.04
12/23/16,2.1
12/26/16,#N/A
12/27/16,2.1
12/28/16,2.05
12/29/16,2.07
12/30/16,2.06
1/2/17,#N/A
1/3/17,2.1
1/4/17,2.12
1/5/17,2.07
1/6/17,2.08
1/9/17,2.05
1/10/17,2.06
1/11/17,2.13
1/12/17,2.09
1/13/17,2.13
1/16/17,#N/A
1/17/17,2.1
1/18/17,2.14
1/19/17,2.18
1/20/17,2.16
1/23/17,2.18
1/24/17,2.19
1/25/17,2.2
1/26/17,2.22
1/27/17,2.2
1/30/17,2.19
1/31/17,2.16
2/1/17,2.18
2/2/17,2.17
2/3/17,2.19
2/6/17,2.13
2/7/17,2.13
2/8/17,2.1
2/9/17,2.12
2/10/17,2.15
2/13/17,2.13
2/14/17,2.15
2/15/17,2.19
2/16/17,2.14
2/17/17,2.17
2/20/17,#N/A
2/21/17,2.19
2/22/17,2.16
2/23/17,2.16
2/24/17,2.1
2/27/17,2.16
2/28/17,2.15
3/1/17,2.22
3/2/17,2.18
3/3/17,2.16
3/6/17,2.12
3/7/17,2.14
3/8/17,2.12
3/9/17,2.11
3/10/17,2.12
3/13/17,2.16
3/14/17,2.1
3/15/17,2.18
3/16/17,2.17
3/17/17,2.13
3/20/17,2.14
3/21/17,2.16
3/22/17,2.15
3/23/17,2.15
3/24/17,2.23
3/27/17,2.19
3/28/17,2.21
3/29/17,2.16
3/30/17,2.11
3/31/17,2.17
4/3/17,2.19
4/4/17,2.15
4/5/17,2.17
4/6/17,2.19
4/7/17,2.18
4/10/17,2.17
4/11/17,2.12
4/12/17,2.11
4/13/17,2.1
4/14/17,#N/A
4/17/17,2.07
4/18/17,2.05
4/19/17,2.04
4/20/17,1.88
4/21/17,1.89
4/24/17,1.93
4/25/17,1.97
4/26/17,1.97
4/27/17,2.01
4/28/17,2.03
5/1/17,2.04
5/2/17,1.99
5/3/17,1.98
5/4/17,2
5/5/17,1.97
5/8/17,1.97
5/9/17,1.98
5/10/17,1.92
5/11/17,1.94
5/12/17,1.93
5/15/17,1.9
5/16/17,1.9
5/17/17,1.86
5/18/17,1.88
5/19/17,1.89
5/22/17,1.89
5/23/17,1.89
5/24/17,1.89
5/25/17,1.9
5/26/17,1.89
5/29/17,#N/A
5/30/17,1.89
5/31/17,1.9
6/1/17,1.89
6/2/17,1.86
6/5/17,1.86
6/6/17,1.83
6/7/17,1.87
6/8/17,1.87
6/9/17,1.88
6/12/17,1.83
6/13/17,1.83
6/14/17,1.83
6/15/17,1.78
6/16/17,1.78
6/19/17,1.78
6/20/17,1.78
6/21/17,1.78
6/22/17,1.81
6/23/17,1.81
6/26/17,1.81
6/27/17,1.8
6/28/17,1.81
6/29/17,1.82
6/30/17,1.83
7/3/17,1.84
7/4/17,#N/A
7/5/17,1.85
7/6/17,1.86
7/7/17,1.83
7/10/17,1.84
7/11/17,1.89
7/12/17,1.89
7/13/17,1.9
7/14/17,1.9
7/17/17,1.9
7/18/17,1.9
7/19/17,1.87
7/20/17,1.92
7/21/17,1.9
7/24/17,1.94
7/25/17,1.95
7/26/17,1.94
7/27/17,1.98
7/28/17,1.98
7/31/17,1.97
8/1/17,1.96
8/2/17,1.95
8/3/17,1.94
8/4/17,1.95
8/7/17,1.95
8/8/17,1.97
8/9/17,1.94
8/10/17,1.92
8/11/17,1.94
8/14/17,1.95
8/15/17,1.93
8/16/17,1.94
8/17/17,1.93
8/18/17,1.91
8/21/17,1.91
8/22/17,1.93
8/23/17,1.92
8/24/17,1.9
8/25/17,1.93
8/28/17,1.94
8/29/17,1.94
8/30/17,1.95
8/31/17,1.94
9/1/17,1.95
9/4/17,#N/A
9/5/17,1.96
9/6/17,1.96
9/7/17,1.97
9/8/17,1.99
9/11/17,2.03
9/12/17,2.01
9/13/17,2.02
9/14/17,2
9/15/17,1.98
9/18/17,2
9/19/17,2
9/20/17,1.99
9/21/17,1.96
9/22/17,1.97
9/25/17,1.96
9/26/17,1.96
9/27/17,2
9/28/17,2.01
9/29/17,2
10/2/17,1.93
10/3/17,2
10/4/17,1.97
10/5/17,1.98
10/6/17,1.96
10/9/17,#N/A
10/10/17,2.01
10/11/17,2.03
10/12/17,1.99
10/13/17,1.99
10/16/17,2.02
10/17/17,1.95
10/18/17,1.99
10/19/17,2.02
10/20/17,1.98
10/23/17,2.03
10/24/17,2.01
10/25/17,2.02
10/26/17,2.02
10/27/17,2
10/30/17,1.97
10/31/17,1.97
11/1/17,2.05
11/2/17,1.95
11/3/17,1.98
11/6/17,1.95
11/7/17,1.96
11/8/17,1.97
11/9/17,1.94
11/10/17,1.98
11/13/17,1.97
11/14/17,1.95
11/15/17,1.92
11/16/17,1.89
11/17/17,1.97
11/20/17,1.96
11/21/17,1.93
11/22/17,1.93
11/23/17,#N/A
11/24/17,1.97
11/27/17,1.97
11/28/17,1.99
11/29/17,1.99
11/30/17,1.99
12/1/17,2
12/4/17,1.98
12/5/17,2.03
12/6/17,1.98
12/7/17,2
12/8/17,2.05
12/11/17,2
12/12/17,2
12/13/17,2.02
12/14/17,1.98
12/15/17,1.99
12/18/17,2.07
12/19/17,2.08
12/20/17,2.1
12/21/17,2.02
12/22/17,2.06
12/25/17,#N/A
12/26/17,2.12
12/27/17,2.06
12/28/17,2.06
12/29/17,2.06
1/1/18,#N/A
1/2/18,2.1
1/3/18,2.09
1/4/18,2.1
1/5/18,2.07
1/8/18,2.13
1/9/18,2.11
1/10/18,2.12
1/11/18,2.11
1/12/18,2.1
1/15/18,#N/A
1/16/18,2.12
1/17/18,2.18
1/18/18,2.11
1/19/18,2.12
1/22/18,2.12
1/23/18,2.2
1/24/18,2.18
1/25/18,2.23
1/26/18,2.25
1/29/18,2.26
1/30/18,2.23
1/31/18,2.24
2/1/18,2.29
2/2/18,2.35
2/5/18,2.25
2/6/18,2.32
2/7/18,2.3
2/8/18,2.29
2/9/18,2.27
2/12/18,2.3
2/13/18,2.22
2/14/18,2.27
2/15/18,2.22
2/16/18,2.18
2/19/18,#N/A
2/20/18,2.16
2/21/18,2.18
2/22/18,2.16
2/23/18,2.2
2/26/18,2.19
2/27/18,2.17
2/28/18,2.2
3/1/18,2.17
3/2/18,2.21
3/5/18,2.21
3/6/18,2.14
3/7/18,2.16
3/8/18,2.14
3/9/18,2.28
3/12/18,2.18
3/13/18,2.13
3/14/18,2.1
3/15/18,2.09
3/16/18,2.11
3/19/18,2.12
3/20/18,2.11
3/21/18,2.22
3/22/18,2.13
3/23/18,2.13
3/26/18,2.15
3/27/18,2.2
3/28/18,2.19
3/29/18,2.18
3/30/18,#N/A
4/2/18,2.11
4/3/18,2.17
4/4/18,2.12
4/5/18,2.23
4/6/18,2.13
4/9/18,2.12
4/10/18,2.16
4/11/18,2.16
4/12/18,2.21
4/13/18,2.25
4/16/18,2.16
4/17/18,2.27
4/18/18,2.28
4/19/18,2.22
4/20/18,2.24
4/23/18,2.25
4/24/18,2.24
4/25/18,2.25
4/26/18,2.26
4/27/18,2.25
4/30/18,2.24
5/1/18,2.23
5/2/18,2.25
5/3/18,2.23
5/4/18,2.23
5/7/18,2.23
5/8/18,2.22
5/9/18,2.23
5/10/18,2.22
5/11/18,2.17
5/14/18,2.18
5/15/18,2.21
5/16/18,2.18
5/17/18,2.16
5/18/18,2.16
5/21/18,2.17
5/22/18,2.17
5/23/18,2.16
5/24/18,2.13
5/25/18,2.14
5/28/18,#N/A
5/29/18,2.1
5/30/18,2.12
5/31/18,2.11
6/1/18,2.12
6/4/18,2.18
6/5/18,2.21
6/6/18,2.22
6/7/18,2.18
6/8/18,2.16
6/11/18,2.18
6/12/18,2.19
6/13/18,2.15
6/14/18,2.17
6/15/18,2.16
6/18/18,2.16
6/19/18,2.17
6/20/18,2.18
6/21/18,2.17
6/22/18,2.17
6/25/18,2.14
6/26/18,2.17
6/27/18,2.15
6/28/18,2.13
6/29/18,2.16
7/2/18,2.21
7/3/18,2.16
7/4/18,#N/A
7/5/18,2.16
7/6/18,2.16
7/9/18,2.16
7/10/18,2.17
7/11/18,2.15
7/12/18,2.14
7/13/18,2.15
7/16/18,2.15
7/17/18,2.15
7/18/18,2.15
7/19/18,2.17
7/20/18,2.2
7/23/18,2.21
7/24/18,2.22
7/25/18,2.25
7/26/18,2.22
7/27/18,2.24
7/30/18,2.25
7/31/18,2.24
8/1/18,2.26
8/2/18,2.25
8/3/18,2.24
8/6/18,2.24
8/7/18,2.26
8/8/18,2.24
8/9/18,2.25
8/10/18,2.2
8/13/18,2.21
8/14/18,2.19
8/15/18,2.19
8/16/18,2.19
8/17/18,2.2
8/20/18,2.19
8/21/18,2.19
8/22/18,2.2
8/23/18,2.19
8/24/18,2.19
8/27/18,2.22
8/28/18,2.23
8/29/18,2.24
8/30/18,2.21
8/31/18,2.18
9/3/18,#N/A
9/4/18,2.21
9/5/18,2.2
9/6/18,2.19
9/7/18,2.22
9/10/18,2.22
9/11/18,2.23
9/12/18,2.22
9/13/18,2.22
9/14/18,2.2
9/17/18,2.21
9/18/18,2.25
9/19/18,2.28
9/20/18,2.28
9/21/18,2.28
9/24/18,2.29
9/25/18,2.27
9/26/18,2.24
9/27/18,2.26
9/28/18,2.25
10/1/18,2.24
10/2/18,2.21
10/3/18,2.25
10/4/18,2.26
10/5/18,2.27
10/8/18,#N/A
10/9/18,2.29
10/10/18,2.28
10/11/18,2.25
10/12/18,2.25
10/15/18,2.26
10/16/18,2.25
10/17/18,2.26
10/18/18,2.21
10/19/18,2.24
10/22/18,2.24
10/23/18,2.24
10/24/18,2.21
10/25/18,2.19
10/26/18,2.19
10/29/18,2.2
10/30/18,2.19
10/31/18,2.2
11/1/18,2.16
11/2/18,2.21
11/5/18,2.21
11/6/18,2.22
11/7/18,2.21
11/8/18,2.22
11/9/18,2.18
11/12/18,#N/A
11/13/18,2.16
11/14/18,2.15
11/15/18,2.15
11/16/18,2.16
11/19/18,2.13
11/20/18,2.12
11/21/18,2.13
11/22/18,#N/A
11/23/18,2.15
11/26/18,2.14
11/27/18,2.09
11/28/18,2.14
11/29/18,2.17
11/30/18,2.17
12/3/18,2.16
12/4/18,2.14
12/5/18,#N/A
12/6/18,2.11
12/7/18,2.1
12/10/18,2.07
12/11/18,2.04
12/12/18,2.04
12/13/18,2.04
12/14/18,2.04
12/17/18,2.04
12/18/18,2.04
12/19/18,2.04
12/20/18,1.99
12/21/18,1.99
12/24/18,1.98
12/25/18,#N/A
12/26/18,1.97
12/27/18,1.95
12/28/18,1.94
12/31/18,1.91
1/1/19,#N/A
1/2/19,1.91
1/3/19,1.87
1/4/19,1.94
1/7/19,1.95
1/8/19,1.98
1/9/19,1.98
1/10/19,1.97
1/11/19,2
1/14/19,1.98
1/15/19,1.99
1/16/19,2
1/17/19,1.94
1/18/19,1.99
1/21/19,#N/A
1/22/19,1.95
1/23/19,1.96
1/24/19,1.92
1/25/19,1.94
1/28/19,1.94
1/29/19,1.94
1/30/19,2
1/31/19,2
2/1/19,2.04
2/4/19,2.02
2/5/19,2.02
2/6/19,2.01
2/7/19,1.99
2/8/19,1.95
2/11/19,1.95
2/12/19,1.95
2/13/19,1.96
2/14/19,1.96
2/15/19,1.97
2/18/19,#N/A
2/19/19,1.98
2/20/19,1.99
2/21/19,2.02
2/22/19,2
2/25/19,2.02
2/26/19,2.02
2/27/19,2.02
2/28/19,2.06
3/1/19,2.07
3/4/19,2.04
3/5/19,2.03
3/6/19,2.01
3/7/19,2
3/8/19,2
3/11/19,2
3/12/19,1.99
3/13/19,2
3/14/19,2.03
3/15/19,2.02
3/18/19,2.04
3/19/19,2.05
3/20/19,2.04
3/21/19,2.06
3/22/19,2
3/25/19,1.99
3/26/19,1.97
3/27/19,1.94
3/28/19,1.94
3/29/19,1.98
4/1/19,1.98
4/2/19,1.99
4/3/19,2.01
4/4/19,1.99
4/5/19,2.01
4/8/19,2.01
4/9/19,2.02
4/10/19,2.05
4/11/19,2.06
4/12/19,2.04
4/15/19,2.03
4/16/19,2.06
4/17/19,2.04
4/18/19,2.04
4/19/19,#N/A
4/22/19,2.03
4/23/19,2.03
4/24/19,2.05
4/25/19,2.1
4/26/19,2.08
4/29/19,2.06
4/30/19,2.05
5/1/19,2.03
5/2/19,2
5/3/19,2.02
5/6/19,2.01
5/7/19,1.98
5/8/19,1.99
5/9/19,1.97
5/10/19,2.01
5/13/19,1.97
5/14/19,1.97
5/15/19,1.92
5/16/19,1.93
5/17/19,1.91
5/20/19,1.91
5/21/19,1.94
5/22/19,1.9
5/23/19,1.84
5/24/19,1.9
5/27/19,#N/A
5/28/19,1.88
5/29/19,1.91
5/30/19,1.89
5/31/19,1.9
6/3/19,1.9
6/4/19,1.89
6/5/19,1.91
6/6/19,1.88
6/7/19,1.87
6/10/19,1.86
6/11/19,1.87
6/12/19,1.89
6/13/19,1.85
6/14/19,1.78
6/17/19,1.77
6/18/19,1.79
6/19/19,1.81
6/20/19,1.9
6/21/19,1.86
6/24/19,1.85
6/25/19,1.82
6/26/19,1.84
6/27/19,1.83
6/28/19,1.85
7/1/19,1.85
7/2/19,1.8
7/3/19,1.79
7/4/19,#N/A
7/5/19,1.83
7/8/19,1.85
7/9/19,1.86
7/10/19,1.89
7/11/19,1.91
7/12/19,1.92
7/15/19,1.93
7/16/19,1.97
7/17/19,1.9
7/18/19,1.98
7/19/19,2
7/22/19,1.99
7/23/19,2.01
7/24/19,1.99
7/25/19,2
7/26/19,1.99
7/29/19,1.97
7/30/19,1.98
7/31/19,1.96
8/1/19,1.93
8/2/19,1.87
8/5/19,1.81
8/6/19,1.84
8/7/19,1.86
8/8/19,1.87
8/9/19,1.88
8/12/19,1.83
8/13/19,1.82
8/14/19,1.78
8/15/19,1.74
8/16/19,1.74
8/19/19,1.76
8/20/19,1.72
8/21/19,1.74
8/22/19,1.75
8/23/19,1.73
8/26/19,1.74
8/27/19,1.74
8/28/19,1.74
8/29/19,1.79
8/30/19,1.75
9/2/19,#N/A
9/3/19,1.71
9/4/19,1.71
9/5/19,1.77
9/6/19,1.73
9/9/19,1.76
9/10/19,1.8
9/11/19,1.8
9/12/19,1.83
9/13/19,1.88
9/16/19,1.86
9/17/19,1.86
9/18/19,1.78
9/19/19,1.81
9/20/19,1.8
9/23/19,1.8
9/24/19,1.77
9/25/19,1.79
9/26/19,1.74
9/27/19,1.7
9/30/19,1.71
10/1/19,1.71
10/2/19,1.71
10/3/19,1.71
10/4/19,1.73
10/7/19,1.75
10/8/19,1.71
10/9/19,1.74
10/10/19,1.75
10/11/19,1.78
10/14/19,#N/A
10/15/19,1.79
10/16/19,1.79
10/17/19,1.66
10/18/19,1.68
10/21/19,1.69
10/22/19,1.69
10/23/19,1.7
10/24/19,1.72
10/25/19,1.75
10/28/19,1.75
10/29/19,1.71
10/30/19,1.67
10/31/19,1.64
11/1/19,1.68
11/4/19,1.72
11/5/19,1.78
11/6/19,1.75
11/7/19,1.77
11/8/19,1.79
11/11/19,#N/A
11/12/19,1.8
11/13/19,1.74
11/14/19,1.7
11/15/19,1.74
11/18/19,1.72
11/19/19,1.73
11/20/19,1.69
11/21/19,1.73
11/22/19,1.71
11/25/19,1.71
11/26/19,1.72
11/27/19,1.72
11/28/19,#N/A
11/29/19,1.72
12/2/19,1.76
12/3/19,1.75
12/4/19,1.78
12/5/19,1.79
12/6/19,1.79
12/9/19,1.79
12/10/19,1.83
12/11/19,1.78
12/12/19,1.82
12/13/19,1.78
12/16/19,1.82
12/17/19,1.85
12/18/19,1.84
12/19/19,1.86
12/20/19,1.87
12/23/19,1.83
12/24/19,1.83
12/25/19,#N/A
12/26/19,1.82
12/27/19,1.82
12/30/19,1.84
12/31/19,1.86
1/1/20,#N/A
1/2/20,1.88
1/3/20,1.85
1/6/20,1.81
1/7/20,1.81
1/8/20,1.82
1/9/20,1.81
1/10/20,1.85
1/13/20,1.84
1/14/20,1.84
1/15/20,1.83
1/16/20,1.8
1/17/20,1.82
1/20/20,#N/A
1/21/20,1.82
1/22/20,1.8
1/23/20,1.76
1/24/20,1.74
1/27/20,1.7
1/28/20,1.71
1/29/20,1.7
1/30/20,1.69
1/31/20,1.7
2/3/20,1.7
2/4/20,1.7
2/5/20,1.71
2/6/20,1.73
2/7/20,1.71
2/10/20,1.7
2/11/20,1.7
2/12/20,1.68
2/13/20,1.69
2/14/20,1.68
2/17/20,#N/A
2/18/20,1.66
2/19/20,1.65
2/20/20,1.63
2/21/20,1.62
2/24/20,1.61
2/25/20,1.54
2/26/20,1.58
2/27/20,1.58
2/28/20,1.49
3/2/20,1.5
3/3/20,1.56
3/4/20,1.58
3/5/20,1.52
3/6/20,1.48
3/9/20,1.18
3/10/20,1.23
3/11/20,1.23
3/12/20,1.21
3/13/20,1.27
3/16/20,1.16
3/17/20,1.1
3/18/20,1.1
3/19/20,0.86
3/20/20,1.19
3/23/20,1.23
3/24/20,1.39
3/25/20,1.45
3/26/20,1.42
3/27/20,1.34
3/30/20,1.33
3/31/20,1.25
4/1/20,1.26
4/2/20,1.33
4/3/20,1.38
4/6/20,1.43
4/7/20,1.48
4/8/20,1.51
4/9/20,1.56
4/10/20,#N/A
4/13/20,1.58
4/14/20,1.64
4/15/20,1.51
4/16/20,1.36
4/17/20,1.35
4/20/20,1.32
4/21/20,1.34
4/22/20,1.43
4/23/20,1.43
4/24/20,1.5
4/27/20,1.56
4/28/20,1.52
4/29/20,1.5
4/30/20,1.42
5/1/20,1.44
5/4/20,1.45
5/5/20,1.49
5/6/20,1.49
5/7/20,1.46
5/8/20,1.5
5/11/20,1.51
5/12/20,1.46
5/13/20,1.43
5/14/20,1.41
5/15/20,1.43
5/18/20,1.5
5/19/20,1.48
5/20/20,1.49
5/21/20,1.47
5/22/20,1.44
5/25/20,#N/A
5/26/20,1.44
5/27/20,1.46
5/28/20,1.5
5/29/20,1.47
6/1/20,1.52
6/2/20,1.52
6/3/20,1.54
6/4/20,1.56
6/5/20,1.59
6/8/20,1.58
6/9/20,1.54
6/10/20,1.54
6/11/20,1.47
6/12/20,1.47
6/15/20,1.48
6/16/20,1.52
6/17/20,1.51
6/18/20,1.44
6/19/20,1.54
6/22/20,1.57
6/23/20,1.62
6/24/20,1.56
6/25/20,1.55
6/26/20,1.53
6/29/20,1.54
6/30/20,1.52
7/1/20,1.57
7/2/20,1.61
7/3/20,#N/A
7/6/20,1.62
7/7/20,1.6
7/8/20,1.59
7/9/20,1.56
7/10/20,1.57
7/13/20,1.57
7/14/20,1.55
7/15/20,1.54
7/16/20,1.52
7/17/20,1.57
7/20/20,1.55
7/21/20,1.56
7/22/20,1.56
7/23/20,1.61
7/24/20,1.67
7/27/20,1.66
7/28/20,1.66
7/29/20,1.68
7/30/20,1.67
7/31/20,1.7
8/3/20,1.7
8/4/20,1.69
8/5/20,1.7
8/6/20,1.73
8/7/20,1.72
8/10/20,1.73
8/11/20,1.76
8/12/20,1.78
8/13/20,1.78
8/14/20,1.77
8/17/20,1.78
8/18/20,1.81
8/19/20,1.79
8/20/20,1.76
8/21/20,1.76
8/24/20,1.77
8/25/20,1.8
8/26/20,1.81
8/27/20,1.81
8/28/20,1.86
8/31/20,1.91
9/1/20,1.87
9/2/20,1.85
9/3/20,1.77
9/4/20,1.83
9/7/20,#N/A
9/8/20,1.81
9/9/20,1.85
9/10/20,1.84
9/11/20,1.77
9/14/20,1.76
9/15/20,1.8
9/16/20,1.79
9/17/20,1.75
9/18/20,1.76
9/21/20,1.74
9/22/20,1.74
9/23/20,1.72
9/24/20,1.71
9/25/20,1.73
9/28/20,1.74
9/29/20,1.79
9/30/20,1.76
10/1/20,1.78
10/2/20,1.8
10/5/20,1.84
10/6/20,1.81
10/7/20,1.88
10/8/20,1.88
10/9/20,1.9
10/12/20,#N/A
10/13/20,1.88
10/14/20,1.86
10/15/20,1.86
10/16/20,1.89
10/19/20,1.89
10/20/20,1.91
10/21/20,1.92
10/22/20,1.84
10/23/20,1.84
10/26/20,1.81
10/27/20,1.78
10/28/20,1.79
10/29/20,1.81
10/30/20,1.81
11/2/20,1.82
11/3/20,1.82
11/4/20,1.72
11/5/20,1.77
11/6/20,1.76
11/9/20,1.83
11/10/20,1.83
11/11/20,#N/A
11/12/20,1.79
11/13/20,1.8
11/16/20,1.8
11/17/20,1.77
11/18/20,1.77
11/19/20,1.78
11/20/20,1.77
11/23/20,1.8
11/24/20,1.83
11/25/20,1.83
11/26/20,#N/A
11/27/20,1.83
11/30/20,1.86
12/1/20,1.9
12/2/20,1.94
12/3/20,1.94
12/4/20,1.95
12/7/20,1.92
12/8/20,1.94
12/9/20,1.98
12/10/20,1.93
12/11/20,1.92
12/14/20,1.92
12/15/20,1.96
12/16/20,1.94
12/17/20,1.98
12/18/20,1.98
12/21/20,2
12/22/20,1.96
12/23/20,2.01
12/24/20,2.02
12/25/20,#N/A
12/28/20,2.02
12/29/20,2.02
12/30/20,2
12/31/20,2.03
1/1/21,#N/A
1/4/21,2.04
1/5/21,2.05
1/6/21,2.08
1/7/21,2.09
1/8/21,2.05
1/11/21,2.08
1/12/21,2.1
1/13/21,2.08
1/14/21,2.09
1/15/21,2.11
1/18/21,#N/A
1/19/21,2.08
1/20/21,2.09
1/21/21,2.02
1/22/21,2.02
1/25/21,2.01
1/26/21,2.01
1/27/21,2.01
1/28/21,2.08
1/29/21,2.05
2/1/21,2.04
2/2/21,2.07
2/3/21,2.11
2/4/21,2.09
2/5/21,2.14
2/8/21,2.13
2/9/21,2.13
2/10/21,2.11
2/11/21,2.08
2/12/21,2.07
2/15/21,#N/A
2/16/21,2.11
2/17/21,2.07
2/18/21,2.03
2/19/21,1.99
2/22/21,1.97
2/23/21,1.97
2/24/21,1.96
2/25/21,1.94
2/26/21,1.91
3/1/21,1.92
3/2/21,1.97
3/3/21,1.97
3/4/21,1.97
3/5/21,2.01
3/8/21,2
3/9/21,2.01
3/10/21,2.05
3/11/21,2.05
3/12/21,2.01
3/15/21,2
3/16/21,2.01
3/17/21,2.02
3/18/21,2.04
3/19/21,2.11
3/22/21,2.15
3/23/21,2.1
3/24/21,2.09
3/25/21,2.1
3/26/21,2.11
3/29/21,2.16
3/30/21,2.18
3/31/21,2.2
4/1/21,2.15
4/2/21,2.14
4/5/21,2.15
4/6/21,2.12
4/7/21,2.15
4/8/21,2.11
4/9/21,2.11
4/12/21,2.14
4/13/21,2.12
4/14/21,2.1
4/15/21,2.11
4/16/21,2.15
4/19/21,2.12
4/20/21,2.12
4/21/21,2.13
4/22/21,2.24
4/23/21,2.24
4/26/21,2.25
4/27/21,2.27
4/28/21,2.28
4/29/21,2.28
4/30/21,2.25
5/3/21,2.24
5/4/21,2.22
5/5/21,2.26
5/6/21,2.24
5/7/21,2.33
5/10/21,2.37
5/11/21,2.38
5/12/21,2.36
5/13/21,2.37
5/14/21,2.34
5/17/21,2.36
5/18/21,2.32
5/19/21,2.3
5/20/21,2.23
5/21/21,2.24
5/24/21,2.24
5/25/21,2.21
5/26/21,2.2
5/27/21,2.25
5/28/21,2.27
5/31/21,#N/A
6/1/21,2.32
6/2/21,2.29
6/3/21,2.28
6/4/21,2.26
6/7/21,2.27
6/8/21,2.25
6/9/21,2.23
6/10/21,2.23
6/11/21,2.21
6/14/21,2.28
6/15/21,2.3
6/16/21,2.23
6/17/21,2.23
6/18/21,2.11
6/21/21,2.09
6/22/21,2.16
6/23/21,2.19
6/24/21,2.15
6/25/21,2.22
6/28/21,2.21
6/29/21,2.18
6/30/21,2.17
7/1/21,2.21
7/2/21,2.17
7/5/21,#N/A
7/6/21,2.14
7/7/21,2.13
7/8/21,2.06
7/9/21,2.12
7/12/21,2.18
7/13/21,2.16
7/14/21,2.15
7/15/21,2.11
7/16/21,2.14
7/19/21,2.07
7/20/21,2.12
7/21/21,2.11
7/22/21,2.1
7/23/21,2.17
7/26/21,2.21
7/27/21,2.21
7/28/21,2.25
7/29/21,2.28
7/30/21,2.24
8/2/21,2.23
8/3/21,2.25
8/4/21,2.2
8/5/21,2.2
8/6/21,2.24
8/9/21,2.24
8/10/21,2.27
8/11/21,2.29
8/12/21,2.27
8/13/21,2.22
8/16/21,2.22
8/17/21,2.17
8/18/21,2.16
8/19/21,2.11
8/20/21,2.14
8/23/21,2.11
8/24/21,2.15
8/25/21,2.19
8/26/21,2.16
8/27/21,2.25
8/30/21,2.23
8/31/21,2.18
9/1/21,2.2
9/2/21,2.17
9/3/21,2.2
9/6/21,#N/A
9/7/21,2.21
9/8/21,2.23
9/9/21,2.21
9/10/21,2.25
9/13/21,2.21
9/14/21,2.17
9/15/21,2.19
9/16/21,2.17
9/17/21,2.15
9/20/21,2.15
9/21/21,2.14
9/22/21,2.15
9/23/21,2.14
9/24/21,2.21
9/27/21,2.2
9/28/21,2.23
9/29/21,2.22
9/30/21,2.23
10/1/21,2.25
10/4/21,2.23
10/5/21,2.31
10/6/21,2.29
10/7/21,2.31
10/8/21,2.36
10/11/21,#N/A
10/12/21,2.34
10/13/21,2.36
10/14/21,2.35
10/15/21,2.41
10/18/21,2.37
10/19/21,2.37
10/20/21,2.37
10/21/21,2.34
10/22/21,2.37
10/25/21,2.37
10/26/21,2.39
10/27/21,2.34
10/28/21,2.24
10/29/21,2.13
11/1/21,2.14
11/2/21,2.18
11/3/21,2.2
11/4/21,2.24
11/5/21,2.21
11/8/21,2.3
11/9/21,2.3
11/10/21,2.32
11/11/21,#N/A
11/12/21,2.35
11/15/21,2.35
11/16/21,2.29
11/17/21,2.26
11/18/21,2.35
11/19/21,2.28
11/22/21,2.24
11/23/21,2.24
11/24/21,2.19
11/25/21,#N/A
11/26/21,2.18
11/29/21,2.17
11/30/21,2.2
12/1/21,2.18
12/2/21,2.21
12/3/21,2.14
12/6/21,2.09
12/7/21,2.1
12/8/21,2.16
12/9/21,2.14
12/10/21,2.12
12/13/21,2.07
12/14/21,2.08
12/15/21,2.11
12/16/21,2.14
12/17/21,2.11
12/20/21,2.13
12/21/21,2.19
12/22/21,2.24
12/23/21,2.22
12/24/21,#N/A
12/27/21,2.25
12/28/21,2.22
12/29/21,2.23
12/30/21,2.3
12/31/21,2.25
1/3/22,2.25
1/4/22,2.21
1/5/22,2.19
1/6/22,2.15
1/7/22,2.18
1/10/22,2.19
1/11/22,2.21
1/12/22,2.14
1/13/22,2.09
1/14/22,2.09
1/17/22,#N/A
1/18/22,2.12
1/19/22,2.07
1/20/22,1.92
1/21/22,1.98
1/24/22,2.02
1/25/22,2.04
1/26/22,2.01
1/27/22,2.04
1/28/22,2.08
1/31/22,2.06
2/1/22,2.06
2/2/22,2.03
2/3/22,2
2/4/22,2.04
2/7/22,2.05
2/8/22,2.07
2/9/22,2.06
2/10/22,2.09
2/11/22,2.04
2/14/22,2.05
2/15/22,2.07
2/16/22,2.05
2/17/22,1.99
2/18/22,1.96
2/21/22,#N/A
2/22/22,2.01
2/23/22,2.05
2/24/22,2.05
2/25/22,2.06
2/28/22,2.13
3/1/22,2.1
3/2/22,2.19
3/3/22,2.21
3/4/22,2.15
3/7/22,2.25
3/8/22,2.37
3/9/22,2.35
3/10/22,2.3
3/11/22,2.36
3/14/22,2.36
3/15/22,2.26
3/16/22,2.26
3/17/22,2.31
3/18/22,2.24
3/21/22,2.28
3/22/22,2.3
3/23/22,2.31
3/24/22,2.27
3/25/22,2.31
3/28/22,2.34
3/29/22,2.32
3/30/22,2.31
3/31/22,2.34
4/1/22,2.32
4/4/22,2.32
4/5/22,2.37
4/6/22,2.38
4/7/22,2.38
4/8/22,2.41
4/11/22,2.45
4/12/22,2.41
4/13/22,2.35
4/14/22,2.45
4/15/22,#N/A
4/18/22,2.48
4/19/22,2.5
4/20/22,2.48
4/21/22,2.67
4/22/22,2.59
4/25/22,2.55
4/26/22,2.45
4/27/22,2.48
4/28/22,2.55
4/29/22,2.46
5/2/22,2.41
5/3/22,2.45
5/4/22,2.48
5/5/22,2.51
5/6/22,2.5
5/9/22,2.44
5/10/22,2.38
5/11/22,2.4
5/12/22,2.29
5/13/22,2.35
5/16/22,2.32
5/17/22,2.34
5/18/22,2.39
5/19/22,2.21
5/20/22,2.22
5/23/22,2.28
5/24/22,2.23
5/25/22,2.24
5/26/22,2.28
5/27/22,2.31
5/30/22,#N/A
5/31/22,2.32
6/1/22,2.34
6/2/22,2.35
6/3/22,2.44
6/6/22,2.47
6/7/22,2.43
6/8/22,2.44
6/9/22,2.42
6/10/22,2.39
6/13/22,2.37
6/14/22,2.32
6/15/22,2.4
6/16/22,2.37
6/17/22,2.36
6/20/22,#N/A
6/21/22,2.38
6/22/22,2.34
6/23/22,2.31
6/24/22,2.3
6/27/22,2.31
6/28/22,2.23
6/29/22,2.13
6/30/22,2.08
7/1/22,2.08
7/4/22,#N/A
7/5/22,2.09
7/6/22,2.1
7/7/22,2.13
7/8/22,2.12
7/11/22,2.08
7/12/22,2.14
7/13/22,2.11
7/14/22,2.14
7/15/22,2.13
7/18/22,2.11
7/19/22,2.11
7/20/22,2.09
7/21/22,2.11
7/22/22,2.12
7/25/22,2.14
7/26/22,2.16
7/27/22,2.23
7/28/22,2.29
7/29/22,2.33
8/1/22,2.3
8/2/22,2.27
8/3/22,2.28
8/4/22,2.28
8/5/22,2.28
8/8/22,2.31
8/9/22,2.28
8/10/22,2.25
8/11/22,2.27
8/12/22,2.27
8/15/22,2.26
8/16/22,2.27
8/17/22,2.27
8/18/22,2.34
8/19/22,2.38
8/22/22,2.4
8/23/22,2.39
8/24/22,2.45
8/25/22,2.43
8/26/22,2.41
8/29/22,2.45
8/30/22,2.43
8/31/22,2.38
9/1/22,2.38
9/2/22,2.39
9/5/22,#N/A
9/6/22,2.4
9/7/22,2.39
9/8/22,2.36
9/9/22,2.33