Effective date ,S&P Cryptocurrency Broad Digital Market Index (USD)
2/28/17,100
3/1/17,102.93
3/2/17,108.62
3/3/17,108.78
3/6/17,108.92
3/7/17,105.78
3/8/17,98.74
3/9/17,102.54
3/10/17,109.4
3/13/17,110.7
3/14/17,111.7
3/15/17,114.09
3/16/17,111.46
3/17/17,109.48
3/20/17,101.91
3/21/17,107.3
3/22/17,99.19
3/23/17,101.76
3/24/17,100.31
3/27/17,103.09
3/28/17,104.05
3/29/17,106.15
3/30/17,106.15
3/31/17,109.15
4/3/17,113.76
4/4/17,113.43
4/5/17,113.31
4/6/17,115.52
4/7/17,116.33
4/10/17,117.75
4/11/17,118.68
4/12/17,120.08
4/13/17,118.2
4/14/17,118.24
4/17/17,119.2
4/18/17,120.44
4/19/17,120.71
4/20/17,122.56
4/21/17,124.04
4/24/17,126.29
4/25/17,128.6
4/26/17,132.32
4/27/17,137.65
4/28/17,139.85
5/1/17,152.2
5/2/17,156.61
5/3/17,161.45
5/4/17,173.29
5/5/17,173.58
5/8/17,187.72
5/9/17,193.03
5/10/17,197.39
5/11/17,201.86
5/12/17,187.52
5/15/17,196.45
5/16/17,204.29
5/17/17,214.71
5/18/17,218.53
5/19/17,232.03
5/22/17,266.55
5/23/17,274.66
5/24/17,304.11
5/25/17,293.57
5/26/17,280.52
5/29/17,289.84
5/30/17,288.63
5/31/17,301.19
6/1/17,310.27
6/2/17,310.61
6/5/17,342.96
6/6/17,361.57
6/7/17,357.89
6/8/17,353.02
6/9/17,368.16
6/12/17,373.21
6/13/17,407.63
6/14/17,381.38
6/15/17,342.41
6/16/17,374.46
6/19/17,385.13
6/20/17,400.52
6/21/17,367.49
6/22/17,380.13
6/23/17,385.73
6/26/17,300.41
6/27/17,324.84
6/28/17,363.23
6/29/17,357.18
6/30/17,346.46
7/3/17,347.07
7/4/17,346.75
7/5/17,351.78
7/6/17,346.45
7/7/17,329.87
7/10/17,302.88
7/11/17,277.82
7/12/17,304.03
7/13/17,288.54
7/14/17,274.03
7/17/17,260.39
7/18/17,303.56
7/19/17,273.71
7/20/17,323.81
7/21/17,318.71
7/24/17,337.16
7/25/17,298.92
7/26/17,298.55
7/27/17,306.7
7/28/17,314.64
7/31/17,323.99
8/1/17,334.22
8/2/17,325.19
8/3/17,335.28
8/4/17,336.76
8/7/17,396.41
8/8/17,414.38
8/9/17,407
8/10/17,417.06
8/11/17,422.81
8/14/17,466.71
8/15/17,445.99
8/16/17,472.06
8/17/17,472.43
8/18/17,456.39
8/21/17,467.2
8/22/17,472.06
8/23/17,475.95
8/24/17,487.15
8/25/17,494.11
8/28/17,509.43
8/29/17,538.08
8/30/17,542.06
8/31/17,560.73
9/1/17,580.74
9/4/17,512.23
9/5/17,511.58
9/6/17,533.95
9/7/17,531.19
9/8/17,478.62
9/11/17,478.06
9/12/17,475
9/13/17,435.93
9/14/17,377.69
9/15/17,418.05
9/18/17,456.57
9/19/17,443.7
9/20/17,448.18
9/21/17,408.48
9/22/17,406.33
9/25/17,448.41
9/26/17,445.69
9/27/17,476.28
9/28/17,469.13
9/29/17,466.01
10/2/17,483.32
10/3/17,469.5
10/4/17,465.19
10/5/17,479.89
10/6/17,481.09
10/9/17,505.59
10/10/17,516.28
10/11/17,516.52
10/12/17,548.77
10/13/17,577.14
10/16/17,593.8
10/17/17,580.24
10/18/17,552.37
10/19/17,571.49
10/20/17,600.36
10/23/17,577.93
10/24/17,574.24
10/25/17,566.62
10/26/17,581.93
10/27/17,572.09
10/30/17,599.89
10/31/17,617.94
11/1/17,630.71
11/2/17,652.73
11/3/17,680.62
11/6/17,668.07
11/7/17,661.63
11/8/17,692.3
11/9/17,692.68
11/10/17,624.29
11/13/17,634.96
11/14/17,662.15
11/15/17,699.71
11/16/17,738.64
11/17/17,735.21
11/20/17,791.88
11/21/17,793.32
11/22/17,794.39
11/23/17,813.44
11/24/17,829.86
11/27/17,947.14
11/28/17,968.17
11/29/17,916.27
11/30/17,924.09
12/1/17,1038.17
12/4/17,1089.7
12/5/17,1113.49
12/6/17,1204.26
12/7/17,1357.41
12/8/17,1333.98
12/11/17,1521.94
12/12/17,1590
12/13/17,1580.85
12/14/17,1620.36
12/15/17,1724.49
12/18/17,1887.83
12/19/17,1912.02
12/20/17,1862.2
12/21/17,1732.11
12/22/17,1622.23
12/25/17,1613.06
12/26/17,1767.29
12/27/17,1691.21
12/28/17,1606.25
12/29/17,1705.03
1/1/18,1653.4
1/2/18,1855.82
1/3/18,1935.2
1/4/18,1931.22
1/5/18,2040.07
1/8/18,2002.29
1/9/18,2007.11
1/10/18,1998.17
1/11/18,1869.58
1/12/18,1946.63
1/15/18,1936.43
1/16/18,1489.09
1/17/18,1461.13
1/18/18,1641.23
1/19/18,1565.33
1/22/18,1418.56
1/23/18,1512.08
1/24/18,1523.29
1/25/18,1551.51
1/26/18,1503.73
1/29/18,1577.22
1/30/18,1410.59
1/31/18,1433.22
2/1/18,1301.26
2/2/18,1176.53
2/5/18,963.47
2/6/18,1030.28
2/7/18,1104.32
2/8/18,1122.48
2/9/18,1183.1
2/12/18,1212.33
2/13/18,1191.96
2/14/18,1280.99
2/15/18,1349.89
2/16/18,1356
2/19/18,1443.05
2/20/18,1460.19
2/21/18,1290.94
2/22/18,1251.78
2/23/18,1262.12
2/26/18,1295.96
2/27/18,1332.76
2/28/18,1319.42
3/1/18,1352.01
3/2/18,1335.4
3/5/18,1367.79
3/6/18,1267.72
3/7/18,1159.64
3/8/18,1117.29
3/9/18,1080.87
3/12/18,1067.76
3/13/18,1078.67
3/14/18,980.04
3/15/18,962.01
3/16/18,1002.24
3/19/18,949.76
3/20/18,1022.52
3/21/18,1011.2
3/22/18,973.76
3/23/18,969.27
3/26/18,883.78
3/27/18,875.45
3/28/18,870.32
3/29/18,799.16
3/30/18,744.45
4/2/18,758.5
4/3/18,816.37
4/4/18,749.73
4/5/18,740.29
4/6/18,722.68
4/9/18,736.95
4/10/18,761.13
4/11/18,778.24
4/12/18,865.28
4/13/18,932.02
4/16/18,923.16
4/17/18,922.2
4/18/18,963.23
4/19/18,1003.66
4/20/18,1068.33
4/23/18,1117.42
4/24/18,1222.89
4/25/18,1124.97
4/26/18,1119.56
4/27/18,1159.56
4/30/18,1203.72
5/1/18,1161.16
5/2/18,1197.19
5/3/18,1272.23
5/4/18,1277.2
5/7/18,1247.52
5/8/18,1225.31
5/9/18,1229.14
5/10/18,1195.17
5/11/18,1108.12
5/14/18,1147.03
5/15/18,1106.34
5/16/18,1065.35
5/17/18,1050.51
5/18/18,1058.74
5/21/18,1071.87
5/22/18,1036.99
5/23/18,940.42
5/24/18,951.08
5/25/18,926.08
5/28/18,877.28
5/29/18,922.43
5/30/18,897.69
5/31/18,936.83
6/1/18,925.76
6/4/18,947.79
6/5/18,969.42
6/6/18,953.26
6/7/18,973.11
6/8/18,961.81
6/11/18,829.72
6/12/18,790.99
6/13/18,757.99
6/14/18,819.02
6/15/18,797.78
6/18/18,813.4
6/19/18,825.72
6/20/18,821.87
6/21/18,812.45
6/22/18,739.66
6/25/18,729.55
6/26/18,708.54
6/27/18,704.79
6/28/18,698.14
6/29/18,666.15
7/2/18,772.21
7/3/18,765.6
7/4/18,776.52
7/5/18,750.65
7/6/18,755.49
7/9/18,767.55
7/10/18,719.9
7/11/18,715.89
7/12/18,697.26
7/13/18,699.31
7/16/18,770.03
7/17/18,830.15
7/18/18,829.31
7/19/18,821.19
7/20/18,792.37
7/23/18,820.6
7/24/18,868.24
7/25/18,863.03
7/26/18,871.21
7/27/18,861.1
7/30/18,840.88
7/31/18,802.22
8/1/18,783.05
8/2/18,770.42
8/3/18,761.85
8/6/18,727.33
8/7/18,724.07
8/8/18,648.08
8/9/18,659.35
8/10/18,648.72
8/13/18,595.56
8/14/18,564.43
8/15/18,599.76
8/16/18,607.26
8/17/18,627.56
8/20/18,613.65
8/21/18,605.64
8/22/18,600.11
8/23/18,601.15
8/24/18,619.87
8/27/18,631.75
8/28/18,671.18
8/29/18,658.97
8/30/18,635.86
8/31/18,660.17
9/3/18,688.67
9/4/18,687.51
9/5/18,622.22
9/6/18,584.98
9/7/18,578.76
9/10/18,556.05
9/11/18,543.58
9/12/18,545.07
9/13/18,568.18
9/14/18,579.37
9/17/18,548.81
9/18/18,560.34
9/19/18,570.35
9/20/18,576.6
9/21/18,635.28
9/24/18,614.27
9/25/18,578.19
9/26/18,601.61
9/27/18,626.68
9/28/18,619.37
10/1/18,613.37
10/2/18,611.38
10/3/18,596.41
10/4/18,611.28
10/5/18,607.4
10/8/18,618.63
10/9/18,611.47
10/10/18,606.76
10/11/18,560.23
10/12/18,561
10/15/18,578.81
10/16/18,585.49
10/17/18,586.01
10/18/18,578.93
10/19/18,578.3
10/22/18,579.68
10/23/18,580.64
10/24/18,582.05
10/25/18,579.98
10/26/18,578.91
10/29/18,559.58
10/30/18,560.02
10/31/18,566.27
11/1/18,567.61
11/2/18,575.88
11/5/18,589.77
11/6/18,602.16
11/7/18,608.47
11/8/18,597.19
11/9/18,586.92
11/12/18,586.8
11/13/18,581.3
11/14/18,499.59
11/15/18,500.41
11/16/18,499.46
11/19/18,443.46
11/20/18,389.38
11/21/18,399.68
11/22/18,397.22
11/23/18,374.9
11/26/18,326.06
11/27/18,329.47
11/28/18,381.9
11/29/18,367.03
11/30/18,348.57
12/3/18,335.22
12/4/18,337.32
12/5/18,324.16
12/6/18,310.56
12/7/18,284.87
12/10/18,290.27
12/11/18,284.5
12/12/18,293.49
12/13/18,275.97
12/14/18,268.73
12/17/18,307.1
12/18/18,304.33
12/19/18,326.95
12/20/18,343.92
12/21/18,335.58
12/24/18,368.36
12/25/18,345.77
12/26/18,342.59
12/27/18,320.68
12/28/18,356.74
12/31/18,335.42
1/1/19,344
1/2/19,361.43
1/3/19,351.42
1/4/19,352.93
1/7/19,368.34
1/8/19,368.36
1/9/19,368.94
1/10/19,328.67
1/11/19,329.59
1/14/19,331.58
1/15/19,319.2
1/16/19,323.73
1/17/19,327.17
1/18/19,323.98
1/21/19,317.93
1/22/19,323.81
1/23/19,318.55
1/24/19,321.82
1/25/19,319.29
1/28/19,300.41
1/29/19,299.35
1/30/19,306.79
1/31/19,303.99
2/1/19,306.21
2/4/19,303.9
2/5/19,303.74
2/6/19,297.16
2/7/19,297.78
2/8/19,325.48
2/11/19,324.24
2/12/19,326.82
2/13/19,321.56
2/14/19,321.08
2/15/19,321.72
2/18/19,355.66
2/19/19,362.96
2/20/19,364.44
2/21/19,357.42
2/22/19,363.1
2/25/19,350.23
2/26/19,347.03
2/27/19,337.98
2/28/19,347.95
3/1/19,352.26
3/4/19,336.15
3/5/19,352.94
3/6/19,354.17
3/7/19,358
3/8/19,359.56
3/11/19,353.46
3/12/19,356.8
3/13/19,356.82
3/14/19,357.27
3/15/19,364.83
3/18/19,368.86
3/19/19,371.95
3/20/19,373.16
3/21/19,367.36
3/22/19,370.82
3/25/19,362.48
3/26/19,363.81
3/27/19,376.54
3/28/19,376.57
3/29/19,383.37
4/1/19,388.01
4/2/19,444.85
4/3/19,489.91
4/4/19,449.02
4/5/19,473.15
4/8/19,488.05
4/9/19,487.53
4/10/19,503.28
4/11/19,464.39
4/12/19,463.93
4/15/19,457.9
4/16/19,475.48
4/17/19,478.35
4/18/19,487.24
4/19/19,486.99
4/22/19,488.62
4/23/19,497.94
4/24/19,476.37
4/25/19,482.5
4/26/19,452.5
4/29/19,454.38
4/30/19,465.75
5/1/19,470.25
5/2/19,476.32
5/3/19,500.16
5/6/19,501.38
5/7/19,504.02
5/8/19,503.35
5/9/19,507.74
5/10/19,530
5/13/19,639.23
5/14/19,641.64
5/15/19,695.22
5/16/19,680.24
5/17/19,614.72
5/20/19,670.15
5/21/19,690.28
5/22/19,680.81
5/23/19,661.4
5/24/19,689.7
5/27/19,754.46
5/28/19,749.37
5/29/19,754.35
5/30/19,741.93
5/31/19,727.26
6/3/19,736.07
6/4/19,651.9
6/5/19,672.57
6/6/19,654.68
6/7/19,687.35
6/10/19,689.34
6/11/19,685.75
6/12/19,707.85
6/13/19,714.27
6/14/19,716.23
6/17/19,784.03
6/18/19,761.9
6/19/19,771.5
6/20/19,791.72
6/21/19,825.19
6/24/19,890.87
6/25/19,917.07
6/26/19,1069.88
6/27/19,857.03
6/28/19,956.43
7/1/19,820.42
7/2/19,852.62
7/3/19,884.35
7/4/19,916.85
7/5/19,871.7
7/8/19,944.21
7/9/19,952.11
7/10/19,910
7/11/19,871.7
7/12/19,877.86
7/15/19,804.23
7/16/19,717.02
7/17/19,727.44
7/18/19,786.15
7/19/19,775.29
7/22/19,754.78
7/23/19,759.91
7/24/19,729.13
7/25/19,739.82
7/26/19,746.91
7/29/19,713.13
7/30/19,725.19
7/31/19,749.73
8/1/19,766.73
8/2/19,772.03
8/5/19,852.68
8/6/19,841.88
8/7/19,846.13
8/8/19,827.98
8/9/19,834.75
8/12/19,818.35
8/13/19,787.01
8/14/19,725.39
8/15/19,723.83
8/16/19,748.13
8/19/19,765.63
8/20/19,764.87
8/21/19,723.93
8/22/19,732.79
8/23/19,748.61
8/26/19,736.92
8/27/19,727.62
8/28/19,686.97
8/29/19,676.27
8/30/19,681.66
9/2/19,720.02
9/3/19,747.28
9/4/19,748.66
9/5/19,733.52
9/6/19,722.28
9/9/19,728.82
9/10/19,708.57
9/11/19,710.58
9/12/19,725.52
9/13/19,718.81
9/16/19,720.26
9/17/19,742.14
9/18/19,742.67
9/19/19,747.29
9/20/19,737.98
9/23/19,710.16
9/24/19,611.8
9/25/19,599.56
9/26/19,583.42
9/27/19,577.13
9/30/19,599.99
10/1/19,600.41
10/2/19,599.47
10/3/19,589.9
10/4/19,596.89
10/7/19,603.63
10/8/19,599.25
10/9/19,631.56
10/10/19,627.55
10/11/19,607.96
10/14/19,614.15
10/15/19,599.7
10/16/19,583.05
10/17/19,593.1
10/18/19,585.12
10/21/19,599.75
10/22/19,597.3
10/23/19,549.12
10/24/19,552.42
10/25/19,629.37
10/28/19,679.35
10/29/19,671.99
10/30/19,668.34
10/31/19,669.49
11/1/19,665.05
11/4/19,687.31
11/5/19,683.4
11/6/19,680.16
11/7/19,670.46
11/8/19,645.61
11/11/19,643.24
11/12/19,647.85
11/13/19,646.06
11/14/19,638.39
11/15/19,623.54
11/18/19,604.13
11/19/19,595.91
11/20/19,593.92
11/21/19,555.7
11/22/19,536.19
11/25/19,521.07
11/26/19,520.6
11/27/19,549.74
11/28/19,551.47
11/29/19,562.4
12/2/19,530.48
12/3/19,531.45
12/4/19,524.93
12/5/19,535.28
12/6/19,538.4
12/9/19,528.6
12/10/19,521.49
12/11/19,518.85
12/12/19,525.36
12/13/19,525.3
12/16/19,492.82
12/17/19,467.51
12/18/19,506.06
12/19/19,505.36
12/20/19,510.86
12/23/19,521.53
12/24/19,510.31
12/25/19,509.96
12/26/19,512.06
12/27/19,510.36
12/30/19,515.88
12/31/19,507.17
1/1/20,513.82
1/2/20,492.94
1/3/20,520.66
1/6/20,543.35
1/7/20,578.79
1/8/20,565.39
1/9/20,550.39
1/10/20,573.42
1/13/20,580.77
1/14/20,627.6
1/15/20,640.9
1/16/20,636.03
1/17/20,649.09
1/20/20,632.43
1/21/20,637.77
1/22/20,632.86
1/23/20,607.89
1/24/20,616.77
1/27/20,655.2
1/28/20,660.83
1/29/20,682.97
1/30/20,700.76
1/31/20,680.91
2/3/20,689.54
2/4/20,681.58
2/5/20,722.76
2/6/20,734.48
2/7/20,733.78
2/10/20,746.42
2/11/20,781.1
2/12/20,806.42
2/13/20,791.97
2/14/20,812.63
2/17/20,740.03
2/18/20,787.8
2/19/20,778.47
2/20/20,730.85
2/21/20,742.78
2/24/20,732.04
2/25/20,707.23
2/26/20,660.67
2/27/20,671
2/28/20,648.53
3/2/20,672.68
3/3/20,656.78
3/4/20,655.28
3/5/20,687.54
3/6/20,691.02
3/9/20,584.02
3/10/20,593.9
3/11/20,581.37
3/12/20,441.12
3/13/20,398.15
3/16/20,367.26
3/17/20,392.35
3/18/20,390.7
3/19/20,456.23
3/20/20,447.15
3/23/20,454.86
3/24/20,484.56
3/25/20,476.47
3/26/20,480.85
3/27/20,482.59
3/30/20,463.16
3/31/20,470.22
4/1/20,451.55
4/2/20,492.02
4/3/20,492.79
4/6/20,535.01
4/7/20,536.91
4/8/20,541.75
4/9/20,536.57
4/10/20,508.2
4/13/20,501.31
4/14/20,510.5
4/15/20,496.31
4/16/20,518.14
4/17/20,523.95
4/20/20,502.41
4/21/20,511.46
4/22/20,528.95
4/23/20,559.38
4/24/20,559.52
4/27/20,571.69
4/28/20,575.49
4/29/20,645.7
4/30/20,644.65
5/1/20,639.9
5/4/20,643.98
5/5/20,647.8
5/6/20,665.51
5/7/20,703.99
5/8/20,710.92
5/11/20,623.87
5/12/20,632.52
5/13/20,655.23
5/14/20,684.51
5/15/20,661.16
5/18/20,692.66
5/19/20,688.42
5/20/20,681.07
5/21/20,646.79
5/22/20,660.94
5/25/20,647.84
5/26/20,637.52
5/27/20,660.77
5/28/20,681.09
5/29/20,679.51
6/1/20,701.78
6/2/20,696.01
6/3/20,704.36
6/4/20,718.59
6/5/20,714.23
6/8/20,712.38
6/9/20,715.28
6/10/20,725.76
6/11/20,678.07
6/12/20,692.15
6/15/20,688.74
6/16/20,693.66
6/17/20,682.75
6/18/20,686.13
6/19/20,679.71
6/22/20,702.88
6/23/20,708.11
6/24/20,682.05
6/25/20,681.35
6/26/20,673.23
6/29/20,669.13
6/30/20,666.66
7/1/20,677.08
7/2/20,662.38
7/3/20,667.36
7/6/20,688.63
7/7/20,688.35
7/8/20,711.62
7/9/20,692.63
7/10/20,694.49
7/13/20,694.93
7/14/20,701.97
7/15/20,693.92
7/16/20,687.7
7/17/20,691.55
7/20/20,690
7/21/20,706.96
7/22/20,709.76
7/23/20,732.57
7/24/20,734.82
7/27/20,817.97
7/28/20,832.99
7/29/20,846.58
7/30/20,846.63
7/31/20,863.49
8/3/20,892.36
8/4/20,879.62
8/5/20,907.64
8/6/20,924.41
8/7/20,889.32
8/10/20,928.04
8/11/20,889.46
8/12/20,906.94
8/13/20,912.46
8/14/20,948.72
8/17/20,991.5
8/18/20,960.17
8/19/20,921.87
8/20/20,944.85
8/21/20,925.21
8/24/20,935.8
8/25/20,892.54
8/26/20,910.56
8/27/20,885.48
8/28/20,912.36
8/31/20,947.81
9/1/20,977.79
9/2/20,918.58
9/3/20,860.28
9/4/20,845.72
9/7/20,795.59
9/8/20,784.06
9/9/20,812.61
9/10/20,815.91
9/11/20,822.7
9/14/20,843.63
9/15/20,841.31
9/16/20,851.08
9/17/20,858.21
9/18/20,849.65
9/21/20,803.3
9/22/20,803.56
9/23/20,783.64
9/24/20,815.48
9/25/20,828.91
9/28/20,842.44
9/29/20,831.17
9/30/20,828
10/1/20,820.38
10/2/20,808.04
10/5/20,827.32
10/6/20,809.64
10/7/20,815.09
10/8/20,834.46
10/9/20,850.28
10/12/20,892.16
10/13/20,878.31
10/14/20,871.56
10/15/20,884.03
10/16/20,862.97
10/19/20,890.1
10/20/20,890.57
10/21/20,947.89
10/22/20,982.14
10/23/20,967.11
10/26/20,963
10/27/20,1004.74
10/28/20,965.33
10/29/20,982.85
10/30/20,979.86
11/2/20,985.18
11/3/20,984.36
11/4/20,1006.71
11/5/20,1071.1
11/6/20,1109.17
11/9/20,1104.35
11/10/20,1104.1
11/11/20,1131.88
11/12/20,1149.49
11/13/20,1162.31
11/16/20,1192.66
11/17/20,1252.02
11/18/20,1239.77
11/19/20,1266.51
11/20/20,1315.16
11/23/20,1370.15
11/24/20,1440.46
11/25/20,1409.41
11/26/20,1271.74
11/27/20,1260.68
11/30/20,1442.1
12/1/20,1411.34
12/2/20,1418.08
12/3/20,1439.92
12/4/20,1400.08
12/7/20,1403.95
12/8/20,1365.47
12/9/20,1351.9
12/10/20,1350.79
12/11/20,1318.86
12/14/20,1400.45
12/15/20,1419.66
12/16/20,1510.07
12/17/20,1631.36
12/18/20,1632.97
12/21/20,1607.41
12/22/20,1638.86
12/23/20,1596.53
12/24/20,1597.92
12/25/20,1666.36
12/28/20,1835.38
12/29/20,1830.36
12/30/20,1929.21
12/31/20,1950.81
1/1/21,1956.72
1/4/21,2173.9
1/5/21,2351.77
1/6/21,2523.97
1/7/21,2709.8
1/8/21,2636.86
1/11/21,2298.65
1/12/21,2372.37
1/13/21,2506.64
1/14/21,2707.13
1/15/21,2484.05
1/18/21,2577.25
1/19/21,2645.62
1/20/21,2555.63
1/21/21,2321.85
1/22/21,2442.03
1/25/21,2468.56
1/26/21,2384.72
1/27/21,2336.86
1/28/21,2417.15
1/29/21,2523.01
2/1/21,2508.53
2/2/21,2680.95
2/3/21,2805.01
2/4/21,2843.46
2/5/21,2901.67
2/8/21,3268.32
2/9/21,3479.34
2/10/21,3358.61
2/11/21,3550.6
2/12/21,3653.74
2/15/21,3722.42
2/16/21,3670.41
2/17/21,3919.11
2/18/21,3973.3
2/19/21,4224.79
2/22/21,4055.39
2/23/21,3567.94
2/24/21,3690.05
2/25/21,3688.69
2/26/21,3476.29
3/1/21,3655.07
3/2/21,3574.17
3/3/21,3800.26
3/4/21,3638.04
3/5/21,3706.02
3/8/21,3931.04
3/9/21,4135.73
3/10/21,4198.94
3/11/21,4297
3/12/21,4190.64
3/15/21,4215.75
3/16/21,4187.3
3/17/21,4348.41
3/18/21,4273.88
3/19/21,4425.75
3/22/21,4189.82
3/23/21,4145.59
3/24/21,4080.38
3/25/21,3923.28
3/26/21,4069.72
3/29/21,4365.98
3/30/21,4476.49
3/31/21,4455.38
4/1/21,4536.89
4/2/21,4581.27
4/5/21,4680.17
4/6/21,4661.73
4/7/21,4425.32
4/8/21,4608.35
4/9/21,4670.01
4/12/21,4861.66
4/13/21,5102.32
4/14/21,5034.26
4/15/21,5241.09
4/16/21,5150.68
4/19/21,4651.26
4/20/21,4781.32
4/21/21,4751.31
4/22/21,4582.5
4/23/21,4349.01
4/26/21,4616.64
4/27/21,4749.07
4/28/21,4830.69
4/29/21,4672.44
4/30/21,4984.95
5/3/21,5237.87
5/4/21,5061.42
5/5/21,5328.64
5/6/21,5325.38
5/7/21,5415.67
5/10/21,5393.29
5/11/21,5547.49
5/12/21,5395.92
5/13/21,4828.86
5/14/21,5148.73
5/17/21,4530.05
5/18/21,4508.39
5/19/21,3743.39
5/20/21,3876.76
5/21/21,3354.1
5/24/21,3672.13
5/25/21,3470.03
5/26/21,3710.43
5/27/21,3739.11
5/28/21,3419.77
5/31/21,3538.16
6/1/21,3469.09
6/2/21,3707.85
6/3/21,3772.09
6/4/21,3591.84
6/7/21,3529.33
6/8/21,3234.78
6/9/21,3462.06
6/10/21,3425.4
6/11/21,3412.19
6/14/21,3622.73
6/15/21,3636.46
6/16/21,3512.04
6/17/21,3423.99
6/18/21,3187.76
6/21/21,2893.63
6/22/21,2800.28
6/23/21,2852.91
6/24/21,3046.93
6/25/21,2812.64
6/28/21,3045.71
6/29/21,3220.95
6/30/21,3127.37
7/1/21,2968.62
7/2/21,2986.72
7/5/21,3103.27
7/6/21,3141.7
7/7/21,3214.7
7/8/21,3017.79
7/9/21,3028.96
7/12/21,2937.35
7/13/21,2864.13
7/14/21,2903.64
7/15/21,2809.47
7/16/21,2811.65
7/19/21,2676.51
7/20/21,2591.17
7/21/21,2766.49
7/22/21,2867.86
7/23/21,2843.83
7/26/21,3424.3
7/27/21,3241.68
7/28/21,3417.52
7/29/21,3389.48
7/30/21,3418.81
8/2/21,3501.12
8/3/21,3396.25
8/4/21,3584.17
8/5/21,3673.86
8/6/21,3853.35
8/9/21,4104.77
8/10/21,4105.53
8/11/21,4274.49
8/12/21,4057.52
8/13/21,4272.77
8/16/21,4319.6
8/17/21,4247.9
8/18/21,4175.52
8/19/21,4373.06
8/20/21,4552.32
8/23/21,4668.35
8/24/21,4545.22
8/25/21,4567.69
8/26/21,4384.78
8/27/21,4565.09
8/30/21,4648.25
8/31/21,4595.45
9/1/21,4775.4
9/2/21,4889.33
9/3/21,5037.98
9/6/21,5152.47
9/7/21,4525.37
9/8/21,4592.91
9/9/21,4601.21
9/10/21,4486.09
9/13/21,4417.6
9/14/21,4542.88
9/15/21,4739.13
9/16/21,4687.72
9/17/21,4610.03
9/20/21,4207.68
9/21/21,4022.83
9/22/21,4214.62
9/23/21,4370.58
9/24/21,4119.17
9/27/21,4135.64
9/28/21,3962.04
9/29/21,3942.4
9/30/21,4148.43
10/1/21,4576.37
10/4/21,4687.96
10/5/21,4793.14
10/6/21,4995.85
10/7/21,4967.16
10/8/21,5020.21
10/11/21,5049.98
10/12/21,4922.14
10/13/21,5076.35
10/14/21,5197.11
10/15/21,5395.95
10/18/21,5301.71
10/19/21,5488.36
10/20/21,5741.76
10/21/21,5542.94
10/22/21,5448.98
10/25/21,5625.03
10/26/21,5627.89
10/27/21,5297.42
10/28/21,5528.42
10/29/21,5659.2
11/1/21,5630.62
11/2/21,5828.84
11/3/21,5860.93
11/4/21,5717.66
11/5/21,5740.54
11/8/21,6111.93
11/9/21,6215.99
11/10/21,6031.64
11/11/21,6057.05
11/12/21,5988.32
11/15/21,5937.28
11/16/21,5500.51
11/17/21,5574.43
11/18/21,5324.24
11/19/21,5445.32
11/22/21,5265.55
11/23/21,5518.31
11/24/21,5415.19
11/25/21,5616.55
11/26/21,5195.9
11/29/21,5491.34
11/30/21,5538.29
12/1/21,5493.38
12/2/21,5518.99
12/3/21,5172.05
12/6/21,4759.93
12/7/21,4901.14
12/8/21,4986.11
12/9/21,4668.24
12/10/21,4671.23
12/13/21,4404.16
12/14/21,4523.6
12/15/21,4740.85
12/16/21,4666.64
12/17/21,4477.46
12/20/21,4600
12/21/21,4737.4
12/22/21,4810.25
12/23/21,5007.34
12/24/21,5005.46
12/27/21,5087.61
12/28/21,4724.41
12/29/21,4667.16
12/30/21,4648.2
12/31/21,4510.88
1/3/22,4579.95
1/4/22,4646.6
1/5/22,4368.55
1/6/22,4284.18
1/7/22,4100.53
1/10/22,3990.12
1/11/22,4145.92
1/12/22,4308.33
1/13/22,4200.09
1/14/22,4239.82
1/17/22,4133.55
1/18/22,4053.58
1/19/22,4024.72
1/20/22,4127.75
1/21/22,3625.83
1/24/22,3378.34
1/25/22,3346.3
1/26/22,3380.22
1/27/22,3207.38
1/28/22,3391.6
1/31/22,3497.17
2/1/22,3539.35
2/2/22,3472.4
2/3/22,3338.22
2/4/22,3722.57
2/7/22,4064.29
2/8/22,4030.04
2/9/22,4126.44
2/10/22,4010.39
2/11/22,3805.53
2/14/22,3759.36
2/15/22,3978.38
2/16/22,3993.03
2/17/22,3696.64
2/18/22,3600.35
2/21/22,3413.94
2/22/22,3356.58
2/23/22,3374.53
2/24/22,3390.6
2/25/22,3475.15
2/28/22,3690.07
3/1/22,3869.39
3/2/22,3829.73
3/3/22,3674.1
3/4/22,3461.24
3/7/22,3280.11
3/8/22,3364.12
3/9/22,3607.82
3/10/22,3472.78
3/11/22,3354.36
3/14/22,3362.08
3/15/22,3460.47
3/16/22,3565.13
3/17/22,3603.88
3/18/22,3716.14
3/21/22,3681.93
3/22/22,3770.36
3/23/22,3783.2
3/24/22,3952.65
3/25/22,3956.07
3/28/22,4317.12
3/29/22,4306.41
3/30/22,4290.66
3/31/22,4157.11
4/1/22,4295.47
4/4/22,4266.68
4/5/22,4259.1
4/6/22,3994.05
4/7/22,3971.47
4/8/22,3925.7
4/11/22,3628.84
4/12/22,3584.44
4/13/22,3740.82
4/14/22,3628.04
4/15/22,3678.87
4/18/22,3681.94
4/19/22,3777.98
4/20/22,3746.88
4/21/22,3730.35
4/22/22,3611.53
4/25/22,3641.63
4/26/22,3448.91
4/27/22,3487.14
4/28/22,3579.85
4/29/22,3418.4
5/2/22,3403.13
5/3/22,3336.51
5/4/22,3558.93
5/5/22,3254.46
5/6/22,3229.67
5/9/22,2701.78
5/10/22,2752.37
5/11/22,2422.63
5/12/22,2311.9
5/13/22,2465.25
5/16/22,2434.01
5/17/22,2473.47
5/18/22,2392.63
5/19/22,2424.63
5/20/22,2383.91
5/23/22,2389.47
5/24/22,2390.17
5/25/22,2395.82
5/26/22,2314.73
5/27/22,2253.12
5/30/22,2427.78
5/31/22,2485.22
6/1/22,2354.45
6/2/22,2367.12
6/3/22,2294.13
6/6/22,2429
6/7/22,2403
6/8/22,2338.02
6/9/22,2328.77
6/10/22,2224.79
6/13/22,1744.36
6/14/22,1694.57
6/15/22,1671.8
6/16/22,1600.73
6/17/22,1584.31
6/20/22,1586.57
6/21/22,1644.25
6/22/22,1586.84
6/23/22,1655.08
6/24/22,1724.55
6/27/22,1682.45
6/28/22,1630.95
6/29/22,1609.4
6/30/22,1504.09
7/1/22,1547.22
7/4/22,1594.63
7/5/22,1629.38
7/6/22,1633.51
7/7/22,1746.46
7/8/22,1736.98
7/11/22,1632.7
7/12/22,1535.01
7/13/22,1560.82
7/14/22,1659.17
7/15/22,1716.13
7/18/22,1818.62
7/19/22,1954.5
7/20/22,1950.36
7/21/22,1938.43
7/22/22,1883.52
7/25/22,1827.66
7/26/22,1727.22
7/27/22,1916.27
7/28/22,2028.53
7/29/22,2044.99
8/1/22,1963.49
8/2/22,1965.86
8/3/22,2010.91
8/4/22,1940.81
8/5/22,2004.52
8/8/22,2103.28
8/9/22,2016.83
8/10/22,2100.51
8/11/22,2154.44
8/12/22,2166.46
8/15/22,2136.27
8/16/22,2127.63
8/17/22,2071.49
8/18/22,2076.92
8/19/22,1890.82
8/22/22,1833.97
8/23/22,1893.3
8/24/22,1915.06
8/25/22,1919.91
8/26/22,1805.08
8/29/22,1766.45
8/30/22,1762.33
8/31/22,1788.02
9/1/22,1764.77
9/2/22,1766.84
9/5/22,1771.81
9/6/22,1711.48
9/7/22,1726.43
9/8/22,1781.98
9/9/22,1904.18
9/12/22,1961.44
9/13/22,1802.49
9/14/22,1782.99