Date,etf
11/18/04,44.380001
11/19/04,44.779999
11/22/04,44.950001
11/23/04,44.75
11/24/04,45.049999
11/26/04,45.290001
11/29/04,45.400002
11/30/04,45.119999
12/1/04,45.380001
12/2/04,44.950001
12/3/04,45.599998
12/6/04,45.169998
12/7/04,45.110001
12/8/04,44.009998
12/9/04,43.779999
12/10/04,43.439999
12/13/04,43.91
12/14/04,43.549999
12/15/04,43.990002
12/16/04,43.68
12/17/04,44.189999
12/20/04,44.34
12/21/04,44.220001
12/22/04,44.02
12/23/04,44.27
12/27/04,44.48
12/28/04,44.369999
12/29/04,43.66
12/30/04,43.830002
12/31/04,43.799999
1/3/05,43.02
1/4/05,42.740002
1/5/05,42.669998
1/6/05,42.150002
1/7/05,41.84
1/10/05,41.950001
1/11/05,42.209999
1/12/05,42.599998
1/13/05,42.599998
1/14/05,42.32
1/18/05,42.32
1/19/05,42.259998
1/20/05,42.25
1/21/05,42.740002
1/24/05,42.77
1/25/05,42.240002
1/26/05,42.689999
1/27/05,42.619999
1/28/05,42.689999
1/31/05,42.220001
2/1/05,42.099998
2/2/05,42.16
2/3/05,41.68
2/4/05,41.470001
2/7/05,41.27
2/8/05,41.259998
2/9/05,41.310001
2/10/05,41.75
2/11/05,42.080002
2/14/05,42.549999
2/15/05,42.580002
2/16/05,42.52
2/17/05,42.73
2/18/05,42.75
2/22/05,43.57
2/23/05,43.419998
2/24/05,43.330002
2/25/05,43.5
2/28/05,43.529999
3/1/05,43.220001
3/2/05,43.25
3/3/05,42.970001
3/4/05,43.380001
3/7/05,43.470001
3/8/05,44.029999
3/9/05,44.02
3/10/05,44.200001
3/11/05,44.43
3/14/05,44.029999
3/15/05,44.060001
3/16/05,44.310001
3/17/05,43.82
3/18/05,43.889999
3/21/05,43.09
3/22/05,42.650002
3/23/05,42.419998
3/24/05,42.389999
3/28/05,42.540001
3/29/05,42.560001
3/30/05,42.610001
3/31/05,42.82
4/1/05,42.619999
4/4/05,42.400002
4/5/05,42.450001
4/6/05,42.630001
4/7/05,42.57
4/8/05,42.689999
4/11/05,42.779999
4/12/05,42.84
4/13/05,42.900002
4/14/05,42.310001
4/15/05,42.400002
4/18/05,42.689999
4/19/05,43.279999
4/20/05,43.400002
4/21/05,43.189999
4/22/05,43.389999
4/25/05,43.439999
4/26/05,43.639999
4/27/05,43.200001
4/28/05,43
4/29/05,43.349998
5/2/05,42.880001
5/3/05,42.759998
5/4/05,42.900002
5/5/05,42.91
5/6/05,42.52
5/9/05,42.549999
5/10/05,42.639999
5/11/05,42.689999
5/12/05,42.16
5/13/05,41.950001
5/16/05,41.880001
5/17/05,41.860001
5/18/05,42.049999
5/19/05,41.98
5/20/05,41.650002
5/23/05,41.619999
5/24/05,41.73
5/25/05,41.869999
5/26/05,41.689999
5/27/05,41.880001
5/31/05,41.650002
6/1/05,41.529999
6/2/05,42.099998
6/3/05,42.169998
6/6/05,42.48
6/7/05,42.380001
6/8/05,42.34
6/9/05,42.27
6/10/05,42.619999
6/13/05,42.779999
6/14/05,42.599998
6/15/05,42.740002
6/16/05,43.459999
6/17/05,43.630001
6/20/05,43.66
6/21/05,43.810001
6/22/05,43.720001
6/23/05,44.02
6/24/05,43.900002
6/27/05,43.91
6/28/05,43.450001
6/29/05,43.630001
6/30/05,43.439999
7/1/05,42.700001
7/5/05,42.279999
7/6/05,42.25
7/7/05,42.360001
7/8/05,42.259998
7/11/05,42.540001
7/12/05,42.639999
7/13/05,42.349998
7/14/05,41.900002
7/15/05,42.049999
7/18/05,42.009998
7/19/05,41.889999
7/20/05,42.200001
7/21/05,42.459999
7/22/05,42.450001
7/25/05,42.509998
7/26/05,42.25
7/27/05,42.439999
7/28/05,42.75
7/29/05,42.82
8/1/05,43.130001
8/2/05,43.139999
8/3/05,43.529999
8/4/05,43.68
8/5/05,43.599998
8/8/05,43.349998
8/9/05,43.34
8/10/05,43.650002
8/11/05,44.450001
8/12/05,44.490002
8/15/05,44.130001
8/16/05,44.549999
8/17/05,43.91
8/18/05,43.830002
8/19/05,43.599998
8/22/05,43.700001
8/23/05,43.759998
8/24/05,43.59
8/25/05,43.73
8/26/05,43.610001
8/29/05,43.57
8/30/05,43.009998
8/31/05,43.400002
9/1/05,44.220001
9/2/05,44.25
9/6/05,44.27
9/7/05,44.330002
9/8/05,44.599998
9/9/05,44.84
9/12/05,44.889999
9/13/05,44.560001
9/14/05,44.959999
9/15/05,45.419998
9/16/05,45.82
9/19/05,46.25
9/20/05,46.23
9/21/05,47.060001
9/22/05,46.360001
9/23/05,46.279999
9/26/05,46.57
9/27/05,46.25
9/28/05,46.799999
9/29/05,47.099998
9/30/05,46.700001
10/3/05,46.419998
10/4/05,46.450001
10/5/05,46.360001
10/6/05,47.209999
10/7/05,47.360001
10/10/05,47.369999
10/11/05,47.389999
10/12/05,46.849998
10/13/05,47.02
10/14/05,46.799999
10/17/05,47.259998
10/18/05,47
10/19/05,46.34
10/20/05,45.98
10/21/05,46.52
10/24/05,46.389999
10/25/05,47.060001
10/26/05,46.93
10/27/05,47.18
10/28/05,47.220001
10/31/05,46.400002
11/1/05,45.73
11/2/05,46.130001
11/3/05,45.959999
11/4/05,45.509998
11/7/05,45.77
11/8/05,45.91
11/9/05,46.560001
11/10/05,46.48
11/11/05,46.799999
11/14/05,46.619999
11/15/05,46.66
11/16/05,47.779999
11/17/05,48.48
11/18/05,48.459999
11/21/05,48.990002
11/22/05,49.32
11/23/05,49.150002
11/25/05,49.419998
11/28/05,49.740002
11/29/05,49.799999
11/30/05,49.099998
12/1/05,50.169998
12/2/05,50.32
12/5/05,50.779999
12/6/05,50.889999
12/7/05,51.32
12/8/05,51.900002
12/9/05,52.400002
12/12/05,52.560001
12/13/05,51.650002
12/14/05,50.349998
12/15/05,50.240002
12/16/05,50.09
12/19/05,50.220001
12/20/05,49.040001
12/21/05,49.369999
12/22/05,50.139999
12/23/05,50.119999
12/27/05,50.639999
12/28/05,51.470001
12/29/05,51.470001
12/30/05,51.580002
1/3/06,53.119999
1/4/06,53.299999
1/5/06,52.34
1/6/06,53.720001
1/9/06,54.599998
1/10/06,54.060001
1/11/06,54.529999
1/12/06,54.43
1/13/06,55.439999
1/17/06,55.259998
1/18/06,54.07
1/19/06,55.59
1/20/06,55.200001
1/23/06,55.77
1/24/06,55.73
1/25/06,56.139999
1/26/06,55.880001
1/27/06,55.630001
1/30/06,56.68
1/31/06,56.700001
2/1/06,56.700001
2/2/06,56.98
2/3/06,56.5
2/6/06,56.720001
2/7/06,54.599998
2/8/06,54.830002
2/9/06,56.18
2/10/06,54.790001
2/13/06,53.720001
2/14/06,54.490002
2/15/06,53.759998
2/16/06,54.52
2/17/06,54.959999
2/21/06,55.119999
2/22/06,55.34
2/23/06,54.639999
2/24/06,55.639999
2/27/06,55.220001
2/28/06,56.07
3/1/06,56.099998
3/2/06,56.740002
3/3/06,56.279999
3/6/06,55.23
3/7/06,54.950001
3/8/06,53.970001
3/9/06,54.240002
3/10/06,53.830002
3/13/06,54.310001
3/14/06,54.869999
3/15/06,55.119999
3/16/06,55.34
3/17/06,55.119999
3/20/06,55.169998
3/21/06,54.830002
3/22/06,54.75
3/23/06,54.700001
3/24/06,55.709999
3/27/06,56.389999
3/28/06,56.060001
3/29/06,57.07
3/30/06,58.599998
3/31/06,58.099998
4/3/06,58.470001
4/4/06,58.330002
4/5/06,58.66
4/6/06,59.279999
4/7/06,58.59
4/10/06,59.599998
4/11/06,59.009998
4/12/06,59.43
4/13/06,59.5
4/17/06,61.09
4/18/06,61.849998
4/19/06,63.75
4/20/06,60.959999
4/21/06,63.200001
4/24/06,61.650002
4/25/06,62.779999
4/26/06,63.650002
4/27/06,62.959999
4/28/06,65.089996
5/1/06,65.160004
5/2/06,66.550003
5/3/06,66.459999
5/4/06,67.480003
5/5/06,67.989998
5/8/06,67.559998
5/9/06,69.68
5/10/06,70.379997
5/11/06,71.029999
5/12/06,71.120003
5/15/06,67.410004
5/16/06,68.610001
5/17/06,68.150002
5/18/06,67.459999
5/19/06,65.580002
5/22/06,65.300003
5/23/06,66.379997
5/24/06,64.059998
5/25/06,64.699997
5/26/06,65.099998
5/30/06,65.110001
5/31/06,64.230003
6/1/06,62.560001
6/2/06,63.5
6/5/06,63.290001
6/6/06,62.549999
6/7/06,62.279999
6/8/06,60.91
6/9/06,60.450001
6/12/06,60.029999
6/13/06,55.919998
6/14/06,55.619999
6/15/06,57.32
6/16/06,57.68
6/19/06,56.360001
6/20/06,57.299999
6/21/06,58.330002
6/22/06,57.73
6/23/06,57.990002
6/26/06,58.279999
6/27/06,57.68
6/28/06,57.540001
6/29/06,59.52
6/30/06,61.23
7/3/06,62.18
7/5/06,62.5
7/6/06,63.02
7/7/06,62.630001
7/10/06,62.02
7/11/06,63.810001
7/12/06,64.919998
7/13/06,65.550003
7/14/06,65.849998
7/17/06,63.950001
7/18/06,62.900002
7/19/06,64.029999
7/20/06,62.540001
7/21/06,61.709999
7/24/06,61.139999
7/25/06,61.549999
7/26/06,62
7/27/06,62.900002
7/28/06,63.110001
7/31/06,63.16
8/1/06,64.32
8/2/06,64.75
8/3/06,64.120003
8/4/06,64.279999
8/7/06,64.5
8/8/06,63.970001
8/9/06,64.629997
8/10/06,63.25
8/11/06,62.709999
8/14/06,62.25
8/15/06,62.009998
8/16/06,62.490002
8/17/06,61.029999
8/18/06,61.040001
8/21/06,62.439999
8/22/06,62.049999
8/23/06,61.830002
8/24/06,61.75
8/25/06,61.77
8/28/06,61
8/29/06,60.939999
8/30/06,61.419998
8/31/06,62.290001
9/1/06,62.139999
9/5/06,63.360001
9/6/06,62.860001
9/7/06,61.25
9/8/06,60.639999
9/11/06,58.5
9/12/06,58.32
9/13/06,58.619999
9/14/06,57.189999
9/15/06,57.400002
9/18/06,58.23
9/19/06,56.919998
9/20/06,57.259998
9/21/06,57.950001
9/22/06,58.5
9/25/06,58.5
9/26/06,58.740002
9/27/06,59.810001
9/28/06,59.790001
9/29/06,59.470001
10/2/06,59.150002
10/3/06,57.110001
10/4/06,56.369999
10/5/06,56.919998
10/6/06,56.990002
10/9/06,57.200001
10/10/06,57
10/11/06,56.880001
10/12/06,57.490002
10/13/06,58.57
10/16/06,59.169998
10/17/06,58.650002
10/18/06,58.59
10/19/06,59.41
10/20/06,58.779999
10/23/06,57.759998
10/24/06,58.169998
10/25/06,58.759998
10/26/06,59.290001
10/27/06,59.400002
10/30/06,59.900002
10/31/06,60.240002
11/1/06,61.360001
11/2/06,61.919998
11/3/06,62.299999
11/6/06,61.889999
11/7/06,62.040001
11/8/06,61.110001
11/9/06,62.950001
11/10/06,62.490002
11/13/06,62.189999
11/14/06,61.630001
11/15/06,61.84
11/16/06,61.310001
11/17/06,61.779999
11/20/06,61.77
11/21/06,62.27
11/22/06,62.5
11/24/06,63.5
11/27/06,63.700001
11/28/06,63.57
11/29/06,63.16
11/30/06,64.389999
12/1/06,64.120003
12/4/06,64.120003
12/5/06,63.810001
12/6/06,62.689999
12/7/06,62.73
12/8/06,62.049999
12/11/06,62.57
12/12/06,62.52
12/13/06,62.48
12/14/06,62.119999
12/15/06,61
12/18/06,61.040001
12/19/06,61.799999
12/20/06,61.619999
12/21/06,61.380001
12/22/06,61.650002
12/26/06,61.98
12/27/06,62.220001
12/28/06,62.900002
12/29/06,63.209999
1/3/07,62.279999
1/4/07,61.650002
1/5/07,60.169998
1/8/07,60.48
1/9/07,60.849998
1/10/07,60.59
1/11/07,60.630001
1/12/07,62.169998
1/16/07,61.970001
1/17/07,62.639999
1/18/07,62.259998
1/19/07,63
1/22/07,62.720001
1/23/07,64.230003
1/24/07,64.330002
1/25/07,64.059998
1/26/07,64.169998
1/29/07,63.77
1/30/07,64.220001
1/31/07,64.830002
2/1/07,65.220001
2/2/07,64.279999
2/5/07,64.309998
2/6/07,64.790001
2/7/07,64.629997
2/8/07,65.519997
2/9/07,66.120003
2/12/07,65.669998
2/13/07,65.839996
2/14/07,66.370003
2/15/07,66.410004
2/16/07,66.360001
2/20/07,65.309998
2/21/07,67.349998
2/22/07,67.150002
2/23/07,67.720001
2/26/07,68.099998
2/27/07,65.410004
2/28/07,66.480003
3/1/07,65.82
3/2/07,63.709999
3/5/07,62.93
3/6/07,64.150002
3/7/07,64.300003
3/8/07,64.480003
3/9/07,64.25
3/12/07,64.370003
3/13/07,63.720001
3/14/07,63.939999
3/15/07,63.98
3/16/07,64.620003
3/19/07,64.739998
3/20/07,65.269997
3/21/07,65.82
3/22/07,65.760002
3/23/07,65.150002
3/26/07,65.839996
3/27/07,65.699997
3/28/07,66.050003
3/29/07,65.650002
3/30/07,65.739998
4/2/07,65.849998
4/3/07,65.830002
4/4/07,66.809998
4/5/07,66.860001
4/9/07,66.529999
4/10/07,67.160004
4/11/07,67.080002
4/12/07,66.989998
4/13/07,67.839996
4/16/07,68.400002
4/17/07,68
4/18/07,68.379997
4/19/07,67.529999
4/20/07,68.699997
4/23/07,68.260002
4/24/07,67.730003
4/25/07,67.889999
4/26/07,66.870003
4/27/07,67.559998
4/30/07,67.089996
5/1/07,66.690002
5/2/07,66.660004
5/3/07,67.489998
5/4/07,68.190002
5/7/07,68.25
5/8/07,67.879997
5/9/07,67.449997
5/10/07,66
5/11/07,66.449997
5/14/07,66.279999
5/15/07,66.540001
5/16/07,65.599998
5/17/07,65.059998
5/18/07,65.519997
5/21/07,65.669998
5/22/07,65.199997
5/23/07,65.540001
5/24/07,64.75
5/25/07,64.940002
5/29/07,65.07
5/30/07,64.720001
5/31/07,65.540001
6/1/07,66.440002
6/4/07,66.540001
6/5/07,66.370003
6/6/07,66.410004
6/7/07,65.260002
6/8/07,64.220001
6/11/07,64.699997
6/12/07,64.099998
6/13/07,64.529999
6/14/07,64.599998
6/15/07,64.849998
6/18/07,64.949997
6/19/07,65.480003
6/20/07,64.709999
6/21/07,64.559998
6/22/07,64.779999
6/25/07,64.43
6/26/07,63.619999
6/27/07,63.669998
6/28/07,64.260002
6/29/07,64.269997
7/2/07,65.019997
7/3/07,64.739998
7/5/07,64.419998
7/6/07,64.959999
7/9/07,65.379997
7/10/07,65.610001
7/11/07,65.440002
7/12/07,66.019997
7/13/07,66.029999
7/16/07,65.82
7/17/07,65.75
7/18/07,66.620003
7/19/07,67.010002
7/20/07,67.580002
7/23/07,67.470001
7/24/07,67.470001
7/25/07,66.900002
7/26/07,65.650002
7/27/07,65.410004
7/30/07,65.769997
7/31/07,65.790001
8/1/07,65.93
8/2/07,65.889999
8/3/07,66.690002
8/6/07,66.519997
8/7/07,66.480003
8/8/07,66.769997
8/9/07,65.459999
8/10/07,66.57
8/13/07,66.260002
8/14/07,66.290001
8/15/07,66.129997
8/16/07,64.68
8/17/07,65.010002
8/20/07,65.120003
8/21/07,65.07
8/22/07,65.400002
8/23/07,65.309998
8/24/07,66.110001
8/27/07,65.980003
8/28/07,65.589996
8/29/07,66.07
8/30/07,65.800003
8/31/07,66.519997
9/4/07,67.440002
9/5/07,67.559998
9/6/07,68.860001
9/7/07,69.389999
9/10/07,69.620003
9/11/07,70.519997
9/12/07,70.459999
9/13/07,70.080002
9/14/07,69.989998
9/17/07,70.970001
9/18/07,71.699997
9/19/07,71.43
9/20/07,72.720001
9/21/07,72.339996
9/24/07,72.279999
9/25/07,72.330002
9/26/07,72
9/27/07,72.699997
9/28/07,73.510002
10/1/07,73.900002
10/2/07,72.349998
10/3/07,71.900002
10/4/07,72.870003
10/5/07,73.400002
10/8/07,72.529999
10/9/07,73.089996
10/10/07,73.360001
10/11/07,73.910004
10/12/07,74.589996
10/15/07,75.139999
10/16/07,75.120003
10/17/07,74.5
10/18/07,76
10/19/07,75.699997
10/22/07,74.599998
10/23/07,75.230003
10/24/07,75.519997
10/25/07,76.029999
10/26/07,77.690002
10/29/07,78.120003
10/30/07,77.349998
10/31/07,78.620003
11/1/07,77.93
11/2/07,79.830002
11/5/07,79.75
11/6/07,81.43
11/7/07,82.239998
11/8/07,82.230003
11/9/07,82.18
11/12/07,78.300003
11/13/07,79.120003
11/14/07,80.279999
11/15/07,77.949997
11/16/07,77.75
11/19/07,77.239998
11/20/07,79.470001
11/21/07,79.360001
11/23/07,81.25
11/26/07,81.300003
11/27/07,80.099998
11/28/07,79.57
11/29/07,78.279999
11/30/07,77.32
12/3/07,78.279999
12/4/07,79.400002
12/5/07,78.629997
12/6/07,79.370003
12/7/07,78.599998
12/10/07,80
12/11/07,78.839996
12/12/07,80.489998
12/13/07,78.5
12/14/07,78.519997
12/17/07,78.129997
12/18/07,79.25
12/19/07,79.239998
12/20/07,78.669998
12/21/07,80.099998
12/24/07,80.139999
12/26/07,81.519997
12/27/07,81.559998
12/28/07,83
12/31/07,82.459999
1/2/08,84.860001
1/3/08,85.57
1/4/08,85.129997
1/7/08,84.769997
1/8/08,86.779999
1/9/08,86.550003
1/10/08,88.25
1/11/08,88.580002
1/14/08,89.540001
1/15/08,87.989998
1/16/08,86.699997
1/17/08,86.5
1/18/08,87.419998
1/22/08,88.169998
1/23/08,87.889999
1/24/08,90.080002
1/25/08,90.300003
1/28/08,91.75
1/29/08,91.150002
1/30/08,92.059998
1/31/08,91.400002
2/1/08,89.349998
2/4/08,89.099998
2/5/08,87.68
2/6/08,88.949997
2/7/08,89.849998
2/8/08,91
2/11/08,91.330002
2/12/08,89.330002
2/13/08,89.440002
2/14/08,89.709999
2/15/08,89.150002
2/19/08,91.580002
2/20/08,93.239998
2/21/08,93.25
2/22/08,93.389999
2/25/08,92.739998
2/26/08,93.709999
2/27/08,94.779999
2/28/08,95.989998
2/29/08,96.18
3/3/08,97.239998
3/4/08,95.18
3/5/08,97.720001
3/6/08,96.5
3/7/08,96.089996
3/10/08,95.870003
3/11/08,95.989998
3/12/08,97.010002
3/13/08,98.339996
3/14/08,98.709999
3/17/08,99.169998
3/18/08,96.5
3/19/08,93.040001
3/20/08,89.910004
3/24/08,90.099998
3/25/08,92.730003
3/26/08,93.800003
3/27/08,93.459999
3/28/08,91.879997
3/31/08,90.410004
4/1/08,86.860001
4/2/08,89.269997
4/3/08,89.419998
4/4/08,90.25
4/7/08,91.169998
4/8/08,90.349998
4/9/08,92.290001
4/10/08,91.769997
4/11/08,91.300003
4/14/08,91.110001
4/15/08,91.660004
4/16/08,93.269997
4/17/08,92.559998
4/18/08,90.620003
4/21/08,90.25
4/22/08,90.269997
4/23/08,89.220001
4/24/08,87.220001
4/25/08,87.269997
4/28/08,87.690002
4/29/08,85.809998
4/30/08,86.650002
5/1/08,83.989998
5/2/08,84.580002
5/5/08,86.269997
5/6/08,86.629997
5/7/08,85.82
5/8/08,87.239998
5/9/08,87.419998
5/12/08,86.989998
5/13/08,85.389999
5/14/08,85.199997
5/15/08,87
5/16/08,89.099998
5/19/08,89.389999
5/20/08,90.900002
5/21/08,91.959999
5/22/08,90.980003
5/23/08,91.230003
5/27/08,89.360001
5/28/08,89.139999
5/29/08,86.510002
5/30/08,87.449997
6/2/08,87.959999
6/3/08,86.879997
6/4/08,86.650002
6/5/08,86.449997
6/6/08,89.059998
6/9/08,87.989998
6/10/08,85.550003
6/11/08,87.019997
6/12/08,85.599998
6/13/08,85.830002
6/16/08,87.010002
6/17/08,87.25
6/18/08,88.279999
6/19/08,88.419998
6/20/08,88.949997
6/23/08,87.089996
6/24/08,87.470001
6/25/08,87.419998
6/26/08,90.610001
6/27/08,91.470001
6/30/08,91.400002
7/1/08,92.660004
7/2/08,93.169998
7/3/08,92.059998
7/7/08,91.230003
7/8/08,90.860001
7/9/08,91.5
7/10/08,93.529999
7/11/08,95.160004
7/14/08,95.910004
7/15/08,96.169998
7/16/08,94.440002
7/17/08,94.220001
7/18/08,94.169998
7/21/08,95.120003
7/22/08,93.059998
7/23/08,90.57
7/24/08,91.330002
7/25/08,91.690002
7/28/08,91.730003
7/29/08,90.589996
7/30/08,89.519997
7/31/08,90.080002
8/1/08,89.57
8/4/08,88.139999
8/5/08,86.080002
8/6/08,86.639999
8/7/08,86.089996
8/8/08,84.43
8/11/08,81.129997
8/12/08,80.519997
8/13/08,81.559998
8/14/08,79.349998
8/15/08,77.629997
8/18/08,78.800003
8/19/08,80.43
8/20/08,80.059998
8/21/08,82.300003
8/22/08,81.080002
8/25/08,80.93
8/26/08,81.230003
8/27/08,81.360001
8/28/08,82.18
8/29/08,81.709999
9/2/08,79.199997
9/3/08,78.889999
9/4/08,78.389999
9/5/08,78.980003
9/8/08,78.860001
9/9/08,76.489998
9/10/08,74.220001
9/11/08,73.080002
9/12/08,75.550003
9/15/08,77.559998
9/16/08,76.790001
9/17/08,85.459999
9/18/08,82.800003
9/19/08,85.980003
9/22/08,89.18
9/23/08,88.32
9/24/08,86.709999
9/25/08,86.449997
9/26/08,86.639999
9/29/08,89.57
9/30/08,85.07
10/1/08,85.970001
10/2/08,82.330002
10/3/08,82.589996
10/6/08,84.279999
10/7/08,87.269997
10/8/08,89.419998
10/9/08,89.900002
10/10/08,83.220001
10/13/08,81.989998
10/14/08,82.199997
10/15/08,83.309998
10/16/08,79.290001
10/17/08,77.209999
10/20/08,78.5
10/21/08,76.029999
10/22/08,71.709999
10/23/08,70.650002
10/24/08,72.209999
10/27/08,72.18
10/28/08,73.790001
10/29/08,74
10/30/08,72.709999
10/31/08,71.339996
11/3/08,71.099998
11/4/08,75.480003
11/5/08,72.800003
11/6/08,72.220001
11/7/08,72.5
11/10/08,73.580002
11/11/08,72.050003
11/12/08,70
11/13/08,72.150002
11/14/08,73.300003
11/17/08,72.650002
11/18/08,72.510002
11/19/08,72.260002
11/20/08,73.449997
11/21/08,78.849998
11/24/08,80.910004
11/25/08,80.870003
11/26/08,80.379997
11/28/08,80.309998
12/1/08,75.650002
12/2/08,76.949997
12/3/08,76.18
12/4/08,75.5
12/5/08,74.519997
12/8/08,76.199997
12/9/08,76.330002
12/10/08,79.75
12/11/08,80.650002
12/12/08,80.809998
12/15/08,82.599998
12/16/08,84.459999
12/17/08,85.43
12/18/08,83.870003
12/19/08,82.629997
12/22/08,83.459999
12/23/08,82.629997
12/24/08,83.459999
12/26/08,85.599998
12/29/08,86.349998
12/30/08,85.900002
12/31/08,86.519997
1/2/09,86.230003
1/5/09,84.480003
1/6/09,85.129997
1/7/09,82.75
1/8/09,84.459999
1/9/09,83.919998
1/12/09,80.760002
1/13/09,80.879997
1/14/09,79.790001
1/15/09,80.389999
1/16/09,82.709999
1/20/09,84.519997
1/21/09,84.150002
1/22/09,84.580002
1/23/09,88.529999
1/26/09,88.949997
1/27/09,88.379997
1/28/09,87.419998
1/29/09,89.5
1/30/09,91.309998
2/2/09,88.839996
2/3/09,88.470001
2/4/09,89.18
2/5/09,90.120003
2/6/09,89.589996
2/9/09,88.32
2/10/09,90.209999
2/11/09,92.290001
2/12/09,93.169998
2/13/09,92.550003
2/17/09,95.449997
2/18/09,96.910004
2/19/09,95.769997
2/20/09,97.800003
2/23/09,97.730003
2/24/09,94.730003
2/25/09,93.150002
2/26/09,93.059998
2/27/09,92.629997
3/2/09,90.93
3/3/09,90.040001
3/4/09,88.989998
3/5/09,91.989998
3/6/09,92.290001
3/9/09,90.57
3/10/09,88.139999
3/11/09,89.220001
3/12/09,91.099998
3/13/09,91.300003
3/16/09,90.800003
3/17/09,90.040001
3/18/09,93.089996
3/19/09,94.349998
3/20/09,93.589996
3/23/09,92.080002
3/24/09,90.949997
3/25/09,91.980003
3/26/09,91.93
3/27/09,90.690002
3/30/09,89.980003
3/31/09,90.279999
4/1/09,91.029999
4/2/09,88.800003
4/3/09,87.589996
4/6/09,85.269997
4/7/09,86.739998
4/8/09,86.610001
4/9/09,86.309998
4/13/09,87.879997
4/14/09,87.370003
4/15/09,87.5
4/16/09,85.809998
4/17/09,85.220001
4/20/09,86.949997
4/21/09,86.889999
4/22/09,87.379997
4/23/09,88.800003
4/24/09,89.720001
4/27/09,89.010002
4/28/09,87.75
4/29/09,88.330002
4/30/09,87.269997
5/1/09,86.949997
5/4/09,88.639999
5/5/09,88.25
5/6/09,89.540001
5/7/09,89.440002
5/8/09,89.980003
5/11/09,89.690002
5/12/09,90.699997
5/13/09,91.089996
5/14/09,91.029999
5/15/09,91.550003
5/18/09,90.360001
5/19/09,90.959999
5/20/09,92.25
5/21/09,93.849998
5/22/09,94.150002
5/26/09,93.760002
5/27/09,93.449997
5/28/09,94.239998
5/29/09,96.199997
6/1/09,95.730003
6/2/09,96.360001
6/3/09,94.410004
6/4/09,96.230003
6/5/09,93.709999
6/8/09,93.559998
6/9/09,93.830002
6/10/09,93.860001
6/11/09,93.699997
6/12/09,92.169998
6/15/09,91.099998
6/16/09,91.93
6/17/09,92.349998
6/18/09,91.610001
6/19/09,91.900002
6/22/09,90.540001
6/23/09,90.919998
6/24/09,91.449997
6/25/09,92.309998
6/26/09,92.290001
6/29/09,92.040001
6/30/09,91.18
7/1/09,92.389999
7/2/09,91.25
7/6/09,90.760002
7/7/09,90.709999
7/8/09,89.269997
7/9/09,89.510002
7/10/09,89.580002
7/13/09,90.190002
7/14/09,90.809998
7/15/09,92.239998
7/16/09,91.980003
7/17/09,91.93
7/20/09,93.279999
7/21/09,93.129997
7/22/09,93.440002
7/23/09,93.260002
7/24/09,93.410004
7/27/09,93.709999
7/28/09,92.110001
7/29/09,91.199997
7/30/09,91.620003
7/31/09,93.349998
8/3/09,93.870003
8/4/09,94.68
8/5/09,94.779999
8/6/09,94.599998
8/7/09,93.75
8/10/09,92.93
8/11/09,92.790001
8/12/09,92.949997
8/13/09,93.720001
8/14/09,93
8/17/09,91.610001
8/18/09,92.059998
8/19/09,92.529999
8/20/09,92.269997
8/21/09,93.650002
8/24/09,92.339996
8/25/09,92.760002
8/26/09,92.790001
8/27/09,93.190002
8/28/09,93.870003
8/31/09,93.400002
9/1/09,93.900002
9/2/09,96.190002
9/3/09,97.459999
9/4/09,97.529999
9/8/09,97.43
9/9/09,97.080002
9/10/09,97.699997
9/11/09,98.779999
9/14/09,97.959999
9/15/09,98.900002
9/16/09,99.910004
9/17/09,99.339996
9/18/09,98.669998
9/21/09,98.360001
9/22/09,99.669998
9/23/09,98.830002
9/24/09,97.550003
9/25/09,97
9/28/09,97.050003
9/29/09,97.43
9/30/09,98.849998
10/1/09,97.889999
10/2/09,98.370003
10/5/09,99.82
10/6/09,102.279999
10/7/09,102.360001
10/8/09,103.639999
10/9/09,102.839996
10/12/09,103.559998
10/13/09,104.260002
10/14/09,104.18
10/15/09,102.860001
10/16/09,103.18
10/19/09,104.230003
10/20/09,103.419998
10/21/09,103.75
10/22/09,103.919998
10/23/09,103.489998
10/26/09,101.860001
10/27/09,101.849998
10/28/09,100.730003
10/29/09,102.690002
10/30/09,102.529999
11/2/09,103.949997
11/3/09,106.459999
11/4/09,107.099998
11/5/09,106.980003
11/6/09,107.43
11/9/09,108.190002
11/10/09,108.389999
11/11/09,109.599998
11/12/09,108.209999
11/13/09,109.739998
11/16/09,111.629997
11/17/09,111.970001
11/18/09,112.25
11/19/09,112.300003
11/20/09,112.940002
11/23/09,114.290001
11/24/09,114.730003
11/25/09,116.620003
11/27/09,115.059998
11/30/09,115.639999
12/1/09,117.379997
12/2/09,119.18
12/3/09,118.699997
12/4/09,113.75
12/7/09,113.110001
12/8/09,110.949997
12/9/09,110.839996
12/10/09,110.82
12/11/09,109.32
12/14/09,110.239998
12/15/09,110.209999
12/16/09,111.589996
12/17/09,107.339996
12/18/09,108.949997
12/21/09,106.949997
12/22/09,106.169998
12/23/09,106.550003
12/24/09,108.360001
12/28/09,108.550003
12/29/09,107.470001
12/30/09,106.93
12/31/09,107.309998
1/4/10,109.800003
1/5/10,109.699997
1/6/10,111.510002
1/7/10,110.82
1/8/10,111.370003
1/11/10,112.849998
1/12/10,110.489998
1/13/10,111.540001
1/14/10,112.029999
1/15/10,110.860001
1/19/10,111.519997
1/20/10,108.940002
1/21/10,107.370003
1/22/10,107.169998
1/25/10,107.480003
1/26/10,107.559998
1/27/10,106.529999
1/28/10,106.480003
1/29/10,105.959999
2/1/10,108.349998
2/2/10,109.129997
2/3/10,108.699997
2/4/10,104.370003
2/5/10,104.68
2/8/10,104.040001
2/9/10,105.410004
2/10/10,105.120003
2/11/10,107.129997
2/12/10,107.040001
2/16/10,109.620003
2/17/10,109.25
2/18/10,109.980003
2/19/10,109.470001
2/22/10,109.07
2/23/10,107.889999
2/24/10,107.360001
2/25/10,108.309998
2/26/10,109.43
3/1/10,109.43
3/2/10,111.019997
3/3/10,111.629997
3/4/10,110.830002
3/5/10,110.809998
3/8/10,109.879997
3/9/10,109.720001
3/10/10,108.470001
3/11/10,108.599998
3/12/10,107.949997
3/15/10,108.360001
3/16/10,110.400002
3/17/10,109.589996
3/18/10,110.339996
3/19/10,108.279999
3/22/10,107.75
3/23/10,108.32
3/24/10,106.300003
3/25/10,106.779999
3/26/10,108.589996
3/29/10,108.75
3/30/10,107.970001
3/31/10,108.949997
4/1/10,110.260002
4/5/10,110.889999
4/6/10,111.029999
4/7/10,112.489998
4/8/10,112.650002
4/9/10,113.639999
4/12/10,113.010002
4/13/10,112.690002
4/14/10,113.029999
4/15/10,113.650002
4/16/10,111.239998
4/19/10,111.150002
4/20/10,111.459999
4/21/10,112.309998
4/22/10,111.839996
4/23/10,113.190002
4/26/10,112.75
4/27/10,114.629997
4/28/10,114.309998
4/29/10,114.279999
4/30/10,115.360001
5/3/10,115.730003
5/4/10,114.870003
5/5/10,115.089996
5/6/10,118.489998
5/7/10,118.269997
5/10/10,117.57
5/11/10,120.660004
5/12/10,121.400002
5/13/10,120.559998
5/14/10,120.370003
5/17/10,119.360001
5/18/10,119.489998
5/19/10,116.629997
5/20/10,115.839996
5/21/10,115.220001
5/24/10,116.839996
5/25/10,117.360001
5/26/10,118.470001
5/27/10,118.690002
5/28/10,118.879997
6/1/10,119.910004
6/2/10,119.779999
6/3/10,117.959999
6/4/10,119.190002
6/7/10,121.489998
6/8/10,121
6/9/10,120.559998
6/10/10,118.970001
6/11/10,120.010002
6/14/10,119.599998
6/15/10,120.989998
6/16/10,120.330002
6/17/10,121.900002
6/18/10,122.830002
6/21/10,120.389999
6/22/10,121.449997
6/23/10,120.949997
6/24/10,121.300003
6/25/10,122.760002
6/28/10,121.089996
6/29/10,121.269997
6/30/10,121.68
7/1/10,117.040001
7/2/10,118.489998
7/6/10,116.510002
7/7/10,117.730003
7/8/10,117.209999
7/9/10,118.360001
7/12/10,117.339996
7/13/10,118.360001
7/14/10,118.300003
7/15/10,118.230003
7/16/10,116.669998
7/19/10,115.730003
7/20/10,116.650002
7/21/10,115.849998
7/22/10,116.860001
7/23/10,116.089996
7/26/10,115.519997
7/27/10,113.510002
7/28/10,113.779999
7/29/10,114.290001
7/30/10,115.489998
8/2/10,115.540001
8/3/10,115.989998
8/4/10,116.720001
8/5/10,116.980003
8/6/10,117.839996
8/9/10,117.400002
8/10/10,117.730003
8/11/10,117.339996
8/12/10,118.769997
8/13/10,118.739998
8/16/10,119.730003
8/17/10,119.75
8/18/10,120.220001
8/19/10,120.389999
8/20/10,119.970001
8/23/10,119.779999
8/24/10,120.360001
8/25/10,121.360001
8/26/10,120.959999
8/27/10,121.010002
8/30/10,120.910004
8/31/10,122.080002
9/1/10,121.690002
9/2/10,122.290001
9/3/10,121.860001
9/7/10,122.699997
9/8/10,122.709999
9/9/10,121.559998
9/10/10,121.730003
9/13/10,121.620003
9/14/10,124.019997
9/15/10,123.940002
9/16/10,124.629997
9/17/10,124.540001
9/20/10,124.870003
9/21/10,126.010002
9/22/10,126.199997
9/23/10,126.300003
9/24/10,126.690002
9/27/10,126.720001
9/28/10,127.849998
9/29/10,127.949997
9/30/10,127.910004
10/1/10,128.910004
10/4/10,128.460007
10/5/10,130.990005
10/6/10,131.809998
10/7/10,130.369995
10/8/10,131.660004
10/11/10,132.289993
10/12/10,131.960007
10/13/10,134.070007
10/14/10,134.75
10/15/10,133.679993
10/18/10,134.279999
10/19/10,130.110001
10/20/10,131.320007
10/21/10,129.470001
10/22/10,129.729996
10/25/10,130.850006
10/26/10,130.880005
10/27/10,129.520004
10/28/10,131.240005
10/29/10,132.619995
11/1/10,131.919998
11/2/10,132.490005
11/3/10,131.570007
11/4/10,136.029999
11/5/10,136.380005
11/8/10,137.779999
11/9/10,135.589996
11/10/10,137.240005
11/11/10,137.660004
11/12/10,133.690002
11/15/10,132.419998
11/16/10,130.970001
11/17/10,130.380005
11/18/10,132.089996
11/19/10,132.199997
11/22/10,133.479996
11/23/10,134.410004
11/24/10,134.179993
11/26/10,133.110001
11/29/10,133.509995
11/30/10,135.419998
12/1/10,135.380005
12/2/10,135.199997
12/3/10,138.070007
12/6/10,139.110001
12/7/10,136.5
12/8/10,134.789993
12/9/10,135.369995
12/10/10,135.410004
12/13/10,136.050003
12/14/10,136.179993
12/15/10,134.699997
12/16/10,133.809998
12/17/10,134.199997
12/20/10,135.110001
12/21/10,135.320007
12/22/10,135.050003
12/23/10,134.660004
12/27/10,135.020004
12/28/10,137.220001
12/29/10,137.710007
12/30/10,137.029999
12/31/10,138.720001
1/3/11,138
1/4/11,134.75
1/5/11,134.369995
1/6/11,133.830002
1/7/11,133.580002
1/10/11,134.119995
1/11/11,134.910004
1/12/11,135.460007
1/13/11,134.050003
1/14/11,132.690002
1/18/11,133.429993
1/19/11,133.720001
1/20/11,131.199997
1/21/11,131.029999
1/24/11,130.360001
1/25/11,130.100006
1/26/11,131.160004
1/27/11,127.93
1/28/11,130.279999
1/31/11,129.869995
2/1/11,130.800003
2/2/11,130.449997
2/3/11,132.199997
2/4/11,131.660004
2/7/11,131.679993
2/8/11,133.139999
2/9/11,133.070007
2/10/11,132.850006
2/11/11,132.320007
2/14/11,132.949997
2/15/11,133.970001
2/16/11,134.100006
2/17/11,135.039993
2/18/11,135.410004
2/22/11,136.289993
2/23/11,137.509995
2/24/11,136.479996
2/25/11,137.380005
2/28/11,137.660004
3/1/11,140.029999
3/2/11,139.919998
3/3/11,138.089996
3/4/11,139.350006
3/7/11,139.720001
3/8/11,139.360001
3/9/11,139.410004
3/10/11,137.770004
3/11/11,138.220001
3/14/11,138.860001
3/15/11,136.270004
3/16/11,136.240005
3/17/11,136.970001
3/18/11,138.369995
3/21/11,139.139999
3/22/11,139.050003
3/23/11,140.339996
3/24/11,139.220001
3/25/11,139.259995
3/28/11,138.539993
3/29/11,138.210007
3/30/11,138.669998
3/31/11,139.860001
4/1/11,139.199997
4/4/11,139.839996
4/5/11,142.050003
4/6/11,142.380005
4/7/11,142.509995
4/8/11,143.660004
4/11/11,142.639999
4/12/11,141.610001
4/13/11,141.899994
4/14/11,143.809998
4/15/11,145.050003
4/18/11,145.929993
4/19/11,145.929993
4/20/11,146.5
4/21/11,146.740005
4/25/11,146.869995
4/26/11,146.380005
4/27/11,149.199997
4/28/11,149.820007
4/29/11,152.369995
5/2/11,150.410004
5/3/11,149.880005
5/4/11,147.729996
5/5/11,143.470001
5/6/11,145.300003
5/9/11,147.380005
5/10/11,147.899994
5/11/11,146.539993
5/12/11,146.589996
5/13/11,145.630005
5/16/11,145.369995
5/17/11,144.740005
5/18/11,145.600006
5/19/11,145.649994
5/20/11,147.490005
5/23/11,147.830002
5/24/11,148.589996
5/25/11,148.580002
5/26/11,148.220001
5/27/11,149.699997
5/31/11,149.639999
6/1/11,149.910004
6/2/11,149.5
6/3/11,150.220001
6/6/11,150.479996
6/7/11,150.419998
6/8/11,149.809998
6/9/11,150.559998
6/10/11,149.240005
6/13/11,147.770004
6/14/11,148.669998
6/15/11,149.119995
6/16/11,148.970001
6/17/11,149.940002
6/20/11,150.029999
6/21/11,150.759995
6/22/11,150.990005
6/23/11,148.339996
6/24/11,146.259995
6/27/11,145.729996
6/28/11,146.240005
6/29/11,147.179993
6/30/11,146
7/1/11,144.929993
7/5/11,147.630005
7/6/11,148.910004
7/7/11,149.149994
7/8/11,150.25
7/11/11,151.589996
7/12/11,152.770004
7/13/11,154.139999
7/14/11,154.539993
7/15/11,155.199997
7/18/11,156.570007
7/19/11,154.660004
7/20/11,156.020004
7/21/11,154.830002
7/22/11,156.119995
7/25/11,157.339996
7/26/11,157.770004
7/27/11,157.190002
7/28/11,157.320007
7/29/11,158.289993
8/1/11,157.720001
8/2/11,161.520004
8/3/11,161.490005
8/4/11,160.639999
8/5/11,161.75
8/8/11,167.119995
8/9/11,168.610001
8/10/11,174.580002
8/11/11,170.75
8/12/11,169.970001
8/15/11,171.800003
8/16/11,173.919998
8/17/11,174.419998
8/18/11,177.720001
8/19/11,179.949997
8/22/11,184.589996
8/23/11,177.669998
8/24/11,171.649994
8/25/11,172.360001
8/26/11,177.470001
8/29/11,173.889999
8/30/11,179.100006
8/31/11,177.720001
9/1/11,177.869995
9/2/11,183.240005
9/6/11,182.899994
9/7/11,177.080002
9/8/11,181.809998
9/9/11,180.699997
9/12/11,176.669998
9/13/11,178.539993
9/14/11,177.210007
9/15/11,174.399994
9/16/11,176.029999
9/19/11,173.309998
9/20/11,175.779999
9/21/11,173.589996
9/22/11,169.050003
9/23/11,159.800003
9/26/11,157.580002
9/27/11,160.630005
9/28/11,156.220001
9/29/11,157.699997
9/30/11,158.059998
10/3/11,160.960007
10/4/11,157.639999
10/5/11,159.460007
10/6/11,160.490005
10/7/11,159.179993
10/10/11,163.270004
10/11/11,162.100006
10/12/11,163.259995
10/13/11,162.300003
10/14/11,163.399994
10/17/11,162.619995
10/18/11,161.839996
10/19/11,159.869995
10/20/11,157.770004
10/21/11,159.520004
10/24/11,161.020004
10/25/11,165.589996
10/26/11,167.399994
10/27/11,169.550003
10/28/11,169.619995
10/31/11,167.339996
11/1/11,167.380005
11/2/11,169.059998
11/3/11,171.720001
11/4/11,170.850006
11/7/11,174.979996
11/8/11,173.529999
11/9/11,172.070007
11/10/11,171.139999
11/11/11,173.960007
11/14/11,173.199997
11/15/11,173.360001
11/16/11,171.509995
11/17/11,167.100006
11/18/11,167.619995
11/21/11,163.5
11/22/11,165.309998
11/23/11,164.830002
11/25/11,163.399994
11/28/11,166.630005
11/29/11,166.880005
11/30/11,170.130005
12/1/11,169.630005
12/2/11,169.820007
12/5/11,167.320007
12/6/11,168.179993
12/7/11,169.399994
12/8/11,165.979996
12/9/11,166.399994
12/12/11,161.990005
12/13/11,158.449997
12/14/11,152.889999
12/15/11,152.330002
12/16/11,155.229996
12/19/11,154.869995
12/20/11,156.979996
12/21/11,157.160004
12/22/11,156.039993
12/23/11,156.309998
12/27/11,154.910004
12/28/11,151.029999
12/29/11,150.339996
12/30/11,151.990005
1/3/12,155.919998
1/4/12,156.710007
1/5/12,157.779999
1/6/12,157.199997
1/9/12,156.5
1/10/12,158.639999
1/11/12,159.669998
1/12/12,160.380005
1/13/12,159.259995
1/17/12,160.5
1/18/12,161.600006
1/19/12,161.220001
1/20/12,162.070007
1/23/12,163.160004
1/24/12,162.009995
1/25/12,166.419998
1/26/12,167.270004
1/27/12,168.970001
1/30/12,168.029999
1/31/12,169.309998
2/1/12,169.559998
2/2/12,171.050003
2/3/12,167.639999
2/6/12,167.179993
2/7/12,169.699997
2/8/12,168.5
2/9/12,168.020004
2/10/12,167.139999
2/13/12,167.509995
2/14/12,167.119995
2/15/12,168.110001
2/16/12,168
2/17/12,167.350006
2/21/12,171.020004
2/22/12,172.940002
2/23/12,173.020004
2/24/12,172.229996
2/27/12,171.699997
2/28/12,173.490005
2/29/12,164.289993
3/1/12,166.610001
3/2/12,166.339996
3/5/12,165.649994
3/6/12,162.699997
3/7/12,163.630005
3/8/12,165.279999
3/9/12,166.380005
3/12/12,165.070007
3/13/12,162.300003
3/14/12,159.570007
3/15/12,161.080002
3/16/12,161.300003
3/19/12,161.589996
3/20/12,160.130005
3/21/12,160.210007
3/22/12,159.570007
3/23/12,161.529999
3/26/12,164.399994
3/27/12,163.240005
3/28/12,161.509995
3/29/12,161.279999
3/30/12,162.119995
4/2/12,162.940002
4/3/12,159.889999
4/4/12,157.210007
4/5/12,158.309998
4/9/12,159.369995
4/10/12,161.100006
4/11/12,161.070007
4/12/12,162.699997
4/13/12,160.850006
4/16/12,160.460007
4/17/12,160.25
4/18/12,159.309998
4/19/12,159.429993
4/20/12,159.539993
4/23/12,159.070007
4/24/12,159.300003
4/25/12,159.619995
4/26/12,161.029999
4/27/12,161.380005
4/30/12,161.880005
5/1/12,161.320007
5/2/12,160.589996
5/3/12,158.970001
5/4/12,159.470001
5/7/12,159.080002
5/8/12,156
5/9/12,154.470001
5/10/12,154.770004
5/11/12,153.559998
5/14/12,151.330002
5/15/12,149.740005
5/16/12,149.460007
5/17/12,152.800003
5/18/12,154.550003
5/21/12,154.649994
5/22/12,152.080002
5/23/12,151.619995
5/24/12,151.410004
5/25/12,152.679993
5/29/12,151.020004
5/30/12,151.910004
5/31/12,151.619995
6/1/12,157.5
6/4/12,157.320007
6/5/12,157.139999
6/6/12,157.210007
6/7/12,154.5
6/8/12,154.729996
6/11/12,155.360001
6/12/12,156.460007
6/13/12,157.119995
6/14/12,157.75
6/15/12,157.839996
6/18/12,157.929993
6/19/12,157.160004
6/20/12,155.970001
6/21/12,152.020004
6/22/12,152.639999
6/25/12,153.759995
6/26/12,152.619995
6/27/12,152.830002
6/28/12,151.050003
6/29/12,155.190002
7/2/12,155.089996
7/3/12,157.460007
7/5/12,155.679993
7/6/12,153.710007
7/9/12,154.039993
7/10/12,152.149994
7/11/12,152.990005
7/12/12,152.589996
7/13/12,154.139999
7/16/12,154.210007
7/17/12,153.470001
7/18/12,153.050003
7/19/12,153.380005
7/20/12,153.669998
7/23/12,153.029999
7/24/12,153.520004
7/25/12,155.669998
7/26/12,156.770004
7/27/12,157.539993
7/30/12,157.429993
7/31/12,156.490005
8/1/12,155.139999
8/2/12,154.130005
8/3/12,155.550003
8/6/12,156.300003
8/7/12,156.279999
8/8/12,156.479996
8/9/12,156.990005
8/10/12,157.179993
8/13/12,155.990005
8/14/12,155.130005
8/15/12,155.630005
8/16/12,156.559998
8/17/12,156.720001
8/20/12,157.259995
8/21/12,158.830002
8/22/12,160.539993
8/23/12,161.889999
8/24/12,161.970001
8/27/12,161.360001
8/28/12,161.639999
8/29/12,160.589996
8/30/12,160.520004
8/31/12,164.220001
9/4/12,164.479996
9/5/12,164.309998
9/6/12,164.889999
9/7/12,168.440002
9/10/12,167.289993
9/11/12,167.899994
9/12/12,167.919998
9/13/12,171.309998
9/14/12,171.800003
9/17/12,170.399994
9/18/12,171.720001
9/19/12,171.740005
9/20/12,171.470001
9/21/12,171.960007
9/24/12,171.050003
9/25/12,170.770004
9/26/12,169.809998
9/27/12,172.339996
9/28/12,171.889999
10/1/12,172.289993
10/2/12,172.100006
10/3/12,172.410004
10/4/12,173.610001
10/5/12,172.619995
10/8/12,172.050003
10/9/12,170.990005
10/10/12,170.839996
10/11/12,171.320007
10/12/12,170.059998
10/15/12,168.350006
10/16/12,169.419998
10/17/12,169.539993
10/18/12,168.789993
10/19/12,166.970001
10/22/12,167.580002
10/23/12,165.429993
10/24/12,164.860001
10/25/12,166.020004
10/26/12,165.929993
10/31/12,166.830002
11/1/12,166.070007
11/2/12,162.600006
11/5/12,163.229996
11/6/12,166.300003
11/7/12,166.490005
11/8/12,167.990005
11/9/12,167.820007
11/12/12,167.449997
11/13/12,167.100006
11/14/12,167.139999
11/15/12,166.089996
11/16/12,165.880005
11/19/12,167.869995
11/20/12,167.389999
11/21/12,167.559998
11/23/12,169.610001
11/26/12,169.429993
11/27/12,168.710007
11/28/12,166.550003
11/29/12,167.179993
11/30/12,166.050003
12/3/12,166.130005
12/4/12,164.419998
12/5/12,164.119995
12/6/12,164.5
12/7/12,165.160004
12/10/12,165.800003
12/11/12,165.649994
12/12/12,165.770004
12/13/12,164.369995
12/14/12,164.130005
12/17/12,164.440002
12/18/12,162.080002
12/19/12,161.690002
12/20/12,159.729996
12/21/12,160.330002
12/24/12,160.619995
12/26/12,160.779999
12/27/12,161.160004
12/28/12,160.539993
12/31/12,162.020004
1/2/13,163.169998
1/3/13,161.199997
1/4/13,160.440002
1/7/13,159.429993
1/8/13,160.559998
1/9/13,160.490005
1/10/13,161.979996
1/11/13,161.059998
1/14/13,161.539993
1/15/13,162.559998
1/16/13,162.649994
1/17/13,163.350006
1/18/13,163.089996
1/22/13,163.669998
1/23/13,163.210007
1/24/13,161.419998
1/25/13,160.649994
1/28/13,160.289993
1/29/13,160.990005
1/30/13,162.190002
1/31/13,161.199997
2/1/13,161.449997
2/4/13,162
2/5/13,161.960007
2/6/13,162.389999
2/7/13,161.839996
2/8/13,161.570007
2/11/13,159.699997
2/12/13,159.889999
2/13/13,159.050003
2/14/13,158.350006
2/15/13,155.759995
2/19/13,155.330002
2/20/13,151.440002
2/21/13,152.619995
2/22/13,152.970001
2/25/13,154.339996
2/26/13,156.220001
2/27/13,154.570007
2/28/13,153
3/1/13,152.440002
3/4/13,152.300003
3/5/13,152.380005
3/6/13,153.229996
3/7/13,152.690002
3/8/13,152.710007
3/11/13,152.990005
3/12/13,154.190002
3/13/13,153.660004
3/14/13,153.679993
3/15/13,154
3/18/13,155.380005
3/19/13,156.080002
3/20/13,155.369995
3/21/13,156.25
3/22/13,155.550003
3/25/13,155.240005
3/26/13,154.720001
3/27/13,155.360001
3/28/13,154.449997
4/1/13,154.669998
4/2/13,152.429993
4/3/13,150.729996
4/4/13,150.289993
4/5/13,152.809998
4/8/13,152.160004
4/9/13,153.339996
4/10/13,150.75
4/11/13,151.050003
4/12/13,143.949997
4/15/13,131.309998
4/16/13,132.800003
4/17/13,132.869995
4/18/13,134.300003
4/19/13,135.470001
4/22/13,137.899994
4/23/13,136.880005
4/24/13,138.369995
4/25/13,141.630005
4/26/13,140.910004
4/29/13,142.300003
4/30/13,142.770004
5/1/13,141.110001
5/2/13,141.919998
5/3/13,142.089996
5/6/13,142.149994
5/7/13,140.380005
5/8/13,142.460007
5/9/13,140.809998
5/10/13,139.600006
5/13/13,138.429993
5/14/13,137.809998
5/15/13,134.630005
5/16/13,134.089996
5/17/13,131.070007
5/20/13,135.119995
5/21/13,132.880005
5/22/13,131.940002
5/23/13,134.610001
5/24/13,133.759995
5/28/13,133.490005
5/29/13,134.830002
5/30/13,136.699997
5/31/13,133.919998
6/3/13,136.509995
6/4/13,135.229996
6/5/13,135.520004
6/6/13,136.529999
6/7/13,133.279999
6/10/13,133.940002
6/11/13,133.25
6/12/13,134.25
6/13/13,133.740005
6/14/13,134.429993
6/17/13,133.770004
6/18/13,132.130005
6/19/13,130.589996
6/20/13,123.599998
6/21/13,125.050003
6/24/13,123.93
6/25/13,123.470001
6/26/13,118.279999
6/27/13,115.940002
6/28/13,119.110001
7/1/13,121.129997
7/2/13,120.050003
7/3/13,120.739998
7/5/13,118.089996
7/8/13,119.510002
7/9/13,120.620003
7/10/13,120.949997
7/11/13,124.239998
7/12/13,124.129997
7/15/13,124.18
7/16/13,124.889999
7/17/13,123.32
7/18/13,124.010002
7/19/13,125.110001
7/22/13,128.839996
7/23/13,129.710007
7/24/13,127.480003
7/25/13,128.669998
7/26/13,128.779999
7/29/13,128.470001
7/30/13,128.119995
7/31/13,127.959999
8/1/13,126.610001
8/2/13,126.360001
8/5/13,125.699997
8/6/13,123.970001
8/7/13,124.150002
8/8/13,126.860001
8/9/13,126.860001
8/12/13,129.130005
8/13/13,127.739998
8/14/13,129
8/15/13,131.690002
8/16/13,132.580002
8/19/13,132.009995
8/20/13,132.449997
8/21/13,132.070007
8/22/13,132.809998
8/23/13,134.899994
8/26/13,135.449997
8/27/13,136.75
8/28/13,136.710007
8/29/13,135.869995
8/30/13,134.619995
9/3/13,136.419998
9/4/13,134.660004
9/5/13,132.199997
9/6/13,134.149994
9/9/13,133.910004
9/10/13,131.740005
9/11/13,131.699997
9/12/13,127.669998
9/13/13,127.82
9/16/13,126.449997
9/17/13,126.5
9/18/13,132.009995
9/19/13,131.75
9/20/13,127.959999
9/23/13,127.550003
9/24/13,127.660004
9/25/13,128.789993
9/26/13,127.790001
9/27/13,128.970001
9/30/13,128.179993
10/1/13,124.589996
10/2/13,127.059998
10/3/13,127.18
10/4/13,126.529999
10/7/13,127.639999
10/8/13,127.400002
10/9/13,126.110001
10/10/13,124.269997
10/11/13,122.599998
10/14/13,122.830002
10/15/13,123.730003
10/16/13,123.540001
10/17/13,127.419998
10/18/13,126.849998
10/21/13,126.980003
10/22/13,129.339996
10/23/13,128.690002
10/24/13,129.899994
10/25/13,130.460007
10/28/13,130.559998
10/29/13,129.770004
10/30/13,129.600006
10/31/13,127.739998
11/1/13,126.949997
11/4/13,126.809998
11/5/13,126.559998
11/6/13,127.199997
11/7/13,126.160004
11/8/13,124.279999
11/11/13,123.870003
11/12/13,122.449997
11/13/13,122.849998
11/14/13,124.269997
11/15/13,124.32
11/18/13,122.900002
11/19/13,122.949997
11/20/13,120.120003
11/21/13,119.940002
11/22/13,119.919998
11/25/13,120.459999
11/26/13,119.82
11/27/13,119.459999
11/29/13,120.699997
12/2/13,117.580002
12/3/13,117.959999
12/4/13,119.959999
12/5/13,118.300003
12/6/13,118.550003
12/9/13,119.720001
12/10/13,121.82
12/11/13,120.860001
12/12/13,118.290001
12/13/13,119.379997
12/16/13,119.690002
12/17/13,118.650002
12/18/13,117.610001
12/19/13,114.82
12/20/13,115.940002
12/23/13,115.57
12/24/13,116.099998
12/26/13,116.739998
12/27/13,117.120003
12/30/13,115.389999
12/31/13,116.120003
1/2/14,118
1/3/14,119.290001
1/6/14,119.5
1/7/14,118.82
1/8/14,118.120003
1/9/14,118.459999
1/10/14,120.260002
1/13/14,121.019997
1/14/14,119.889999
1/15/14,119.660004
1/16/14,119.790001
1/17/14,120.93
1/21/14,119.699997
1/22/14,119.190002
1/23/14,121.790001
1/24/14,122.290001
1/27/14,120.959999
1/28/14,120.949997
1/29/14,122.470001
1/30/14,119.769997
1/31/14,120.089996
2/3/14,121.32
2/4/14,120.989998
2/5/14,121.290001
2/6/14,121.239998
2/7/14,122.169998
2/10/14,122.919998
2/11/14,124.360001
2/12/14,124.43
2/13/14,125.489998
2/14/14,127.150002
2/18/14,127.400002
2/19/14,126.269997
2/20/14,127.599998
2/21/14,127.580002
2/24/14,128.990005
2/25/14,129.210007
2/26/14,128.110001
2/27/14,128.199997
2/28/14,127.620003
3/3/14,130.289993
3/4/14,128.679993
3/5/14,128.889999
3/6/14,130.169998
3/7/14,129.089996
3/10/14,129.130005
3/11/14,129.860001
3/12/14,131.759995
3/13/14,132.210007
3/14/14,133.100006
3/17/14,131.639999
3/18/14,130.619995
3/19/14,128.089996
3/20/14,127.860001
3/21/14,128.470001
3/24/14,126.18
3/25/14,126.410004
3/26/14,125.410004
3/27/14,124.589996
3/28/14,124.559998
3/31/14,123.610001
4/1/14,123.389999
4/2/14,124.32
4/3/14,123.919998
4/4/14,125.57
4/7/14,124.910004
4/8/14,126.089996
4/9/14,126.32
4/10/14,127.010002
4/11/14,126.93
4/14/14,127.849998
4/15/14,125.489998
4/16/14,125.540001
4/17/14,124.75
4/21/14,124.239998
4/22/14,123.779999
4/23/14,123.760002
4/24/14,124.559998
4/25/14,125.43
4/28/14,124.879997
4/29/14,124.860001
4/30/14,124.220001
5/1/14,123.800003
5/2/14,125.059998
5/5/14,126.220001
5/6/14,125.980003
5/7/14,124.169998
5/8/14,124.169998
5/9/14,124.099998
5/12/14,124.940002
5/13/14,124.599998
5/14/14,125.809998
5/15/14,124.769997
5/16/14,124.5
5/19/14,124.580002
5/20/14,124.690002
5/21/14,124.389999
5/22/14,124.669998
5/23/14,124.510002
5/27/14,121.849998
5/28/14,121.199997
5/29/14,120.940002
5/30/14,120.43
6/2/14,119.699997
6/3/14,120.010002
6/4/14,119.760002
6/5/14,120.660004
6/6/14,120.610001
6/9/14,120.650002
6/10/14,121.389999
6/11/14,121.410004
6/12/14,122.639999
6/13/14,122.959999
6/16/14,122.419998
6/17/14,122.279999
6/18/14,122.669998
6/19/14,126.940002
6/20/14,126.5
6/23/14,126.849998
6/24/14,126.980003
6/25/14,126.989998
6/26/14,126.730003
6/27/14,126.660004
6/30/14,128.039993
7/1/14,127.699997
7/2/14,127.699997
7/3/14,127.160004
7/7/14,127.019997
7/8/14,127.07
7/9/14,127.839996
7/10/14,128.539993
7/11/14,128.779999
7/14/14,125.720001
7/15/14,124.529999
7/16/14,124.970001
7/17/14,127.089996
7/18/14,126.129997
7/21/14,126.339996
7/22/14,125.739998
7/23/14,125.620003
7/24/14,124.349998
7/25/14,125.790001
7/28/14,125.580002
7/29/14,125.199997
7/30/14,124.830002
7/31/14,123.389999
8/1/14,124.379997
8/4/14,123.989998
8/5/14,123.870003
8/6/14,125.669998
8/7/14,126.18
8/8/14,126.190002
8/11/14,125.959999
8/12/14,125.989998
8/13/14,126.199997
8/14/14,126.309998
8/15/14,125.480003
8/18/14,124.959999
8/19/14,124.68
8/20/14,124.220001
8/21/14,122.879997
8/22/14,123.190002
8/25/14,122.739998
8/26/14,123.349998
8/27/14,123.32
8/28/14,124
8/29/14,123.860001
9/2/14,121.650002
9/3/14,122.150002
9/4/14,121.480003
9/5/14,122.059998
9/8/14,120.730003
9/9/14,120.870003
9/10/14,120.260002
9/11/14,119.470001
9/12/14,118.379997
9/15/14,118.639999
9/16/14,118.830002
9/17/14,117.540001
9/18/14,117.779999
9/19/14,117.089996
9/22/14,116.849998
9/23/14,117.599998
9/24/14,117.050003
9/25/14,117.389999
9/26/14,117.059998
9/29/14,117.029999
9/30/14,116.209999
10/1/14,116.769997
10/2/14,116.739998
10/3/14,114.610001
10/6/14,116.029999
10/7/14,116.360001
10/8/14,117.470001
10/9/14,117.639999
10/10/14,117.589996
10/13/14,118.519997
10/14/14,118.589996
10/15/14,118.989998
10/16/14,119.220001
10/17/14,118.989998
10/20/14,119.800003
10/21/14,120.019997
10/22/14,119.339996
10/23/14,118.519997
10/24/14,118.349998
10/27/14,118.059998
10/28/14,118.099998
10/29/14,116.410004
10/30/14,115.190002
10/31/14,112.660004
11/3/14,112.150002
11/4/14,112.220001
11/5/14,109.790001
11/6/14,109.879997
11/7/14,112.970001
11/10/14,110.459999
11/11/14,112.040001
11/12/14,111.5
11/13/14,111.669998
11/14/14,114.470001
11/17/14,114.050003
11/18/14,115.050003
11/19/14,113.68
11/20/14,114.860001
11/21/14,115.389999
11/24/14,115.110001
11/25/14,115.379997
11/26/14,115.160004
11/28/14,112.110001
12/1/14,116.580002
12/2/14,115.139999
12/3/14,116.330002
12/4/14,115.879997
12/5/14,114.43
12/8/14,115.779999
12/9/14,118.190002
12/10/14,117.959999
12/11/14,117.690002
12/12/14,117.410004
12/15/14,114.389999
12/16/14,114.949997
12/17/14,114.269997
12/18/14,115.150002
12/19/14,114.769997
12/22/14,112.550003
12/23/14,112.739998
12/24/14,112.769997
12/26/14,114.830002
12/29/14,113.669998
12/30/14,115.199997
12/31/14,113.580002
1/2/15,114.080002
1/5/15,115.800003
1/6/15,117.120003
1/7/15,116.43
1/8/15,115.940002
1/9/15,117.260002
1/12/15,118.559998
1/13/15,118.160004
1/14/15,117.970001
1/15/15,120.940002
1/16/15,122.519997
1/20/15,124.199997
1/21/15,124.230003
1/22/15,125.230003
1/23/15,124.230003
1/26/15,122.989998
1/27/15,124.400002
1/28/15,123.419998
1/29/15,120.760002
1/30/15,123.449997
2/2/15,122.419998
2/3/15,121.050003
2/4/15,121.580002
2/5/15,121.790001
2/6/15,118.639999
2/9/15,119.169998
2/10/15,118.470001
2/11/15,117.07
2/12/15,117.339996
2/13/15,117.980003
2/17/15,116.010002
2/18/15,116.339996
2/19/15,115.940002
2/20/15,115.279999
2/23/15,115.43
2/24/15,115.260002
2/25/15,115.699997
2/26/15,116.07
2/27/15,116.160004
3/2/15,115.68
3/3/15,115.470001
3/4/15,115.110001
3/5/15,115
3/6/15,111.860001
3/9/15,111.970001
3/10/15,111.419998
3/11/15,110.75
3/12/15,110.720001
3/13/15,110.879997
3/16/15,110.809998
3/17/15,110.209999
3/18/15,112.370003
3/19/15,112.290001
3/20/15,113.57
3/23/15,114.290001
3/24/15,114.57
3/25/15,114.730003
3/26/15,115.480003
3/27/15,115.059998
3/30/15,113.75
3/31/15,113.660004
4/1/15,115.599998
4/2/15,115.279999
4/6/15,116.690002
4/7/15,116.110001
4/8/15,115.470001
4/9/15,114.669998
4/10/15,115.970001
4/13/15,115.139999
4/14/15,114.440002
4/15/15,115.43
4/16/15,115.029999
4/17/15,115.599998
4/20/15,114.720001
4/21/15,115.379997
4/22/15,113.830002
4/23/15,114.660004
4/24/15,113.050003
4/27/15,115.330002
4/28/15,116.330002
4/29/15,115.510002
4/30/15,113.470001
5/1/15,113.080002
5/4/15,114.099998
5/5/15,114.419998
5/6/15,114.360001
5/7/15,113.419998
5/8/15,113.970001
5/11/15,113.529999
5/12/15,114.5
5/13/15,116.550003
5/14/15,117.18
5/15/15,117.529999
5/18/15,117.519997
5/19/15,115.889999
5/20/15,116.080002
5/21/15,115.690002
5/22/15,115.599998
5/26/15,113.910004
5/27/15,113.889999
5/28/15,114.019997
5/29/15,114.099998
6/1/15,114
6/2/15,114.459999
6/3/15,113.639999
6/4/15,112.839996
6/5/15,112.239998
6/8/15,112.57
6/9/15,112.82
6/10/15,113.779999
6/11/15,113.260002
6/12/15,113.230003
6/15/15,113.730003
6/16/15,113.32
6/17/15,113.849998
6/18/15,115.32
6/19/15,115.120003
6/22/15,113.639999
6/23/15,112.889999
6/24/15,112.589996
6/25/15,112.440002
6/26/15,112.559998
6/29/15,113.07
6/30/15,112.370003
7/1/15,111.980003
7/2/15,111.760002
7/6/15,112.059998
7/7/15,110.760002
7/8/15,111.089996
7/9/15,111.360001
7/10/15,111.489998
7/13/15,110.989998
7/14/15,110.739998
7/15/15,110.160004
7/16/15,109.760002
7/17/15,108.650002
7/20/15,105.699997
7/21/15,105.370003
7/22/15,104.800003
7/23/15,104.330002
7/24/15,105.349998
7/27/15,104.860001
7/28/15,105.019997
7/29/15,105.169998
7/30/15,104.269997
7/31/15,104.93
8/3/15,104.099998
8/4/15,104.309998
8/5/15,103.93
8/6/15,104.389999
8/7/15,104.650002
8/10/15,105.720001
8/11/15,106.260002
8/12/15,107.75
8/13/15,106.860001
8/14/15,106.849998
8/17/15,107.129997
8/18/15,107.110001
8/19/15,108.550003
8/20/15,110.440002
8/21/15,111.129997
8/24/15,110.529999
8/25/15,109.160004
8/26/15,107.669998
8/27/15,107.730003
8/28/15,108.699997
8/31/15,108.82
9/1/15,109.199997
9/2/15,108.620003
9/3/15,107.839996
9/4/15,107.489998
9/8/15,107.519997
9/9/15,106.129997
9/10/15,106.379997
9/11/15,106.160004
9/14/15,106.220001
9/15/15,105.900002
9/16/15,107.309998
9/17/15,108.410004
9/18/15,109.209999
9/21/15,108.529999
9/22/15,107.790001
9/23/15,108.220001
9/24/15,110.489998
9/25/15,109.809998
9/28/15,108.419998
9/29/15,107.980003
9/30/15,106.860001
10/1/15,106.730003
10/2/15,108.989998
10/5/15,108.769997
10/6/15,109.860001
10/7/15,109.699997
10/8/15,109.139999
10/9/15,110.870003
10/12/15,111.309998
10/13/15,111.860001
10/14/15,113.809998
10/15/15,113.290001
10/16/15,112.489998
10/19/15,112.019997
10/20/15,112.730003
10/21/15,111.730003
10/22/15,111.690002
10/23/15,111.5
10/26/15,111.43
10/27/15,111.68
10/28/15,110.779999
10/29/15,109.720001
10/30/15,109.300003
11/2/15,108.589996
11/3/15,106.980003
11/4/15,105.970001
11/5/15,105.639999
11/6/15,104.099998
11/9/15,104.400002
11/10/15,104.18
11/11/15,103.830002
11/12/15,103.849998
11/13/15,103.559998
11/16/15,103.709999
11/17/15,102.339996
11/18/15,102.43
11/19/15,103.559998
11/20/15,103.089996
11/23/15,102.260002
11/24/15,102.940002
11/25/15,102.459999
11/27/15,101.25
11/30/15,101.919998
12/1/15,102.279999
12/2/15,100.690002
12/3/15,101.760002
12/4/15,104.019997
12/7/15,102.669998
12/8/15,102.839996
12/9/15,102.639999
12/10/15,102.550003
12/11/15,103.110001
12/14/15,101.790001
12/15/15,101.519997
12/16/15,102.75
12/17/15,100.5
12/18/15,102.040001
12/21/15,103.150002
12/22/15,102.610001
12/23/15,102.309998
12/24/15,103.050003
12/28/15,102.269997
12/29/15,102.199997
12/30/15,101.419998
12/31/15,101.459999
1/4/16,102.889999
1/5/16,103.18
1/6/16,104.669998
1/7/16,106.150002
1/8/16,105.68
1/11/16,104.739998
1/12/16,104.209999
1/13/16,104.720001
1/14/16,103.019997
1/15/16,104.080002
1/19/16,103.980003
1/20/16,105.370003
1/21/16,105.489998
1/22/16,105
1/25/16,106.080002
1/26/16,107.290001
1/27/16,107.690002
1/28/16,106.540001
1/29/16,106.949997
2/1/16,108.050003
2/2/16,108.089996
2/3/16,109.25
2/4/16,110.57
2/5/16,112.32
2/8/16,113.830002
2/9/16,113.580002
2/10/16,114.459999
2/11/16,119.059998
2/12/16,118.360001
2/16/16,114.769997
2/17/16,115.480003
2/18/16,118.290001
2/19/16,117.580002
2/22/16,115.489998
2/23/16,117.220001
2/24/16,117.610001
2/25/16,117.919998
2/26/16,117.110001
2/29/16,118.639999
3/1/16,117.769997
3/2/16,118.68
3/3/16,120.730003
3/4/16,120.540001
3/7/16,121.139999
3/8/16,120.580002
3/9/16,119.580002
3/10/16,121.5
3/11/16,119.410004
3/14/16,117.870003
3/15/16,117.959999
3/16/16,120.589996
3/17/16,120.129997
3/18/16,119.800003
3/21/16,118.959999
3/22/16,119.309998
3/23/16,116.610001
3/24/16,116.330002
3/28/16,116.599998
3/29/16,118.760002
3/30/16,117.099998
3/31/16,117.639999
4/1/16,116.93
4/4/16,116.150002
4/5/16,117.660004
4/6/16,116.940002
4/7/16,118.610001
4/8/16,118.43
4/11/16,120.029999
4/12/16,120.050003
4/13/16,118.769997
4/14/16,117.110001
4/15/16,117.919998
4/18/16,117.739998
4/19/16,119.580002
4/20/16,118.970001
4/21/16,119.419998
4/22/16,117.889999
4/25/16,118.230003
4/26/16,118.699997
4/27/16,119.040001
4/28/16,121.290001
4/29/16,123.650002
5/2/16,123.239998
5/3/16,122.959999
5/4/16,122.209999
5/5/16,122.07
5/6/16,123.18
5/9/16,120.650002
5/10/16,120.980003
5/11/16,122.120003
5/12/16,121.160004
5/13/16,121.709999
5/16/16,121.800003
5/17/16,122.220001
5/18/16,120.099998
5/19/16,119.870003
5/20/16,119.709999
5/23/16,119.370003
5/24/16,117.300003
5/25/16,116.980003
5/26/16,116.580002
5/27/16,115.620003
5/31/16,116.059998
6/1/16,115.940002
6/2/16,115.669998
6/3/16,118.879997
6/6/16,118.919998
6/7/16,118.82
6/8/16,120.580002
6/9/16,121.25
6/10/16,121.739998
6/13/16,122.639999
6/14/16,122.769997
6/15/16,123.68
6/16/16,122.379997
6/17/16,123.949997
6/20/16,123.209999
6/21/16,120.839996
6/22/16,120.900002
6/23/16,120.110001
6/24/16,126
6/27/16,126.68
6/28/16,125.32
6/29/16,125.839996
6/30/16,126.470001
7/1/16,128.410004
7/5/16,129.470001
7/6/16,130.229996
7/7/16,129.740005
7/8/16,130.520004
7/11/16,129.289993
7/12/16,127.150002
7/13/16,128.320007
7/14/16,127.330002
7/15/16,126.839996
7/18/16,127.040001
7/19/16,127.209999
7/20/16,125.389999
7/21/16,127.300003
7/22/16,126.349998
7/25/16,125.470001
7/26/16,126
7/27/16,128.029999
7/28/16,127.660004
7/29/16,128.979996
8/1/16,129.220001
8/2/16,130.270004
8/3/16,129.649994
8/4/16,129.869995
8/5/16,127.550003
8/8/16,127.440002
8/9/16,127.959999
8/10/16,128.559998
8/11/16,127.669998
8/12/16,127.400002
8/15/16,127.839996
8/16/16,128.470001
8/17/16,128.5
8/18/16,129.110001
8/19/16,127.970001
8/22/16,127.779999
8/23/16,127.760002
8/24/16,126.339996
8/25/16,126.230003
8/26/16,126.050003
8/29/16,126.300003
8/30/16,125.029999
8/31/16,124.779999
9/1/16,125.290001
9/2/16,126.57
9/6/16,128.710007
9/7/16,128.270004
9/8/16,127.589996
9/9/16,126.75
9/12/16,126.589996
9/13/16,125.75
9/14/16,126.18
9/15/16,125.370003
9/16/16,125.059998
9/19/16,125.32
9/20/16,125.440002
9/21/16,127.269997
9/22/16,127.57
9/23/16,127.650002
9/26/16,127.550003
9/27/16,126.620003
9/28/16,126.220001
9/29/16,126.07
9/30/16,125.639999
10/3/16,125.32
10/4/16,120.970001
10/5/16,120.779999
10/6/16,119.660004
10/7/16,119.739998
10/10/16,120.160004
10/11/16,119.550003
10/12/16,119.739998
10/13/16,120.029999
10/14/16,119.360001
10/17/16,119.68
10/18/16,120.419998
10/19/16,121.110001
10/20/16,120.739998
10/21/16,120.830002
10/24/16,120.559998
10/25/16,121.470001
10/26/16,120.790001
10/27/16,121.010002
10/28/16,121.580002
10/31/16,121.940002
11/1/16,122.730003
11/2/16,123.639999
11/3/16,124.300003
11/4/16,124.389999
11/7/16,122.150002
11/8/16,121.639999
11/9/16,121.559998
11/10/16,119.75
11/11/16,117.099998
11/14/16,116.110001
11/15/16,117.120003
11/16/16,116.769997
11/17/16,116.169998
11/18/16,115.150002
11/21/16,115.580002
11/22/16,115.540001
11/23/16,113.25
11/25/16,112.610001
11/28/16,113.800003
11/29/16,113.269997
11/30/16,111.75
12/1/16,111.540001
12/2/16,112.139999
12/5/16,111.540001
12/6/16,111.43
12/7/16,111.830002
12/8/16,111.57
12/9/16,110.400002
12/12/16,110.82
12/13/16,110.449997
12/14/16,108.830002
12/15/16,107.339996
12/16/16,108.050003
12/19/16,108.589996
12/20/16,107.790001
12/21/16,107.849998
12/22/16,107.589996
12/23/16,107.93
12/27/16,108.559998
12/28/16,108.860001
12/29/16,110.290001
12/30/16,109.610001
1/3/17,110.470001
1/4/17,110.860001
1/5/17,112.580002
1/6/17,111.75
1/9/17,112.669998
1/10/17,113.150002
1/11/17,113.5
1/12/17,113.910004
1/13/17,114.209999
1/17/17,115.849998
1/18/17,114.870003
1/19/17,114.769997
1/20/17,115.050003
1/23/17,115.790001
1/24/17,115.269997
1/25/17,114.32
1/26/17,113.260002
1/27/17,113.489998
1/30/17,113.970001
1/31/17,115.550003
2/1/17,115.199997
2/2/17,115.839996
2/3/17,116.129997
2/6/17,117.699997
2/7/17,117.459999
2/8/17,118.190002
2/9/17,117.290001
2/10/17,117.599998
2/13/17,116.800003
2/14/17,116.93
2/15/17,117.449997
2/16/17,118.080002
2/17/17,117.68
2/21/17,117.75
2/22/17,117.910004
2/23/17,118.940002
2/24/17,119.699997
2/27/17,119.120003
2/28/17,119.230003
3/1/17,119.059998
3/2/17,117.580002
3/3/17,117.510002
3/6/17,116.720001
3/7/17,115.779999
3/8/17,115.059998
3/9/17,114.470001
3/10/17,114.720001
3/13/17,114.739998
3/14/17,114.120003
3/15/17,116.25
3/16/17,116.730003
3/17/17,116.989998
3/20/17,117.510002
3/21/17,118.540001
3/22/17,118.830002
3/23/17,118.669998
3/24/17,118.860001
3/27/17,119.529999
3/28/17,119.040001
3/29/17,119.330002
3/30/17,118.470001
3/31/17,118.720001
4/3/17,119.349998
4/4/17,119.620003
4/5/17,119.620003
4/6/17,119.18
4/7/17,119.459999
4/10/17,119.459999
4/11/17,121.190002
4/12/17,122.019997
4/13/17,122.599998
4/17/17,122.239998
4/18/17,122.82
4/19/17,121.730003
4/20/17,121.959999
4/21/17,122.309998
4/24/17,121.480003
4/25/17,120.25
4/26/17,120.839996
4/27/17,120.389999
4/28/17,120.769997
5/1/17,119.669998
5/2/17,119.650002
5/3/17,117.980003
5/4/17,116.790001
5/5/17,117.010002
5/8/17,116.75
5/9/17,116.050003
5/10/17,116.040001
5/11/17,116.5
5/12/17,116.830002
5/15/17,117.139999
5/16/17,117.650002
5/17/17,119.790001
5/18/17,118.809998
5/19/17,119.400002
5/22/17,119.900002
5/23/17,119.139999
5/24/17,119.610001
5/25/17,119.480003
5/26/17,120.540001
5/30/17,120.139999
5/31/17,120.620003
6/1/17,120.720001
6/2/17,121.610001
6/5/17,121.730003
6/6/17,123.099998
6/7/17,122.449997
6/8/17,121.650002
6/9/17,120.540001
6/12/17,120.360001
6/13/17,120.480003
6/14/17,119.82
6/15/17,119.32
6/16/17,119.339996
6/19/17,118.43
6/20/17,118.18
6/21/17,118.519997
6/22/17,118.919998
6/23/17,119.43
6/26/17,118.360001
6/27/17,118.809998
6/28/17,118.900002
6/29/17,118.32
6/30/17,118.019997
7/3/17,116.089996
7/5/17,116.519997
7/6/17,116.470001
7/7/17,115.279999
7/10/17,115.470001
7/11/17,115.620003
7/12/17,116.029999
7/13/17,115.82
7/14/17,116.769997
7/17/17,117.290001
7/18/17,118.110001
7/19/17,118.080002
7/20/17,118.239998
7/21/17,119.260002
7/24/17,119.309998
7/25/17,118.919998
7/26/17,119.879997
7/27/17,119.790001
7/28/17,120.690002
7/31/17,120.75
8/1/17,120.650002
8/2/17,120.400002
8/3/17,120.589996
8/4/17,119.650002
8/7/17,119.510002
8/8/17,119.860001
8/9/17,121.309998
8/10/17,122.209999
8/11/17,122.790001
8/14/17,121.919998
8/15/17,120.980003
8/16/17,121.870003
8/17/17,122.489998
8/18/17,122.300003
8/21/17,122.760002
8/22/17,122.209999
8/23/17,122.669998
8/24/17,122.290001
8/25/17,122.739998
8/28/17,124.690002
8/29/17,124.419998
8/30/17,124.360001
8/31/17,125.82
9/1/17,126.059998
9/5/17,127.459999
9/6/17,126.809998
9/7/17,128.130005
9/8/17,127.970001
9/11/17,126.190002
9/12/17,126.559998
9/13/17,125.610001
9/14/17,126.160004
9/15/17,125.529999
9/18/17,124.360001
9/19/17,124.620003
9/20/17,123.620003
9/21/17,122.68
9/22/17,123.239998
9/25/17,124.529999
9/26/17,123.139999
9/27/17,121.980003
9/28/17,122.209999
9/29/17,121.580002
10/2/17,120.769997
10/3/17,120.830002
10/4/17,121.169998
10/5/17,120.519997
10/6/17,121.089996
10/9/17,122.080002
10/10/17,122.400002
10/11/17,122.790001
10/12/17,122.889999
10/13/17,123.82
10/16/17,122.970001
10/17/17,122.129997
10/18/17,121.669998
10/19/17,122.389999
10/20/17,121.610001
10/23/17,121.800003
10/24/17,121.330002
10/25/17,121.349998
10/26/17,120.330002
10/27/17,120.900002
10/30/17,121.129997
10/31/17,120.669998
11/1/17,121.110001
11/2/17,121.190002
11/3/17,120.620003
11/6/17,121.650002
11/7/17,121.209999
11/8/17,121.629997
11/9/17,122.129997
11/10/17,121.129997
11/13/17,121.309998
11/14/17,121.559998
11/15/17,121.410004
11/16/17,121.400002
11/17/17,122.860001
11/20/17,121.309998
11/21/17,121.510002
11/22/17,122.629997
11/24/17,122.32
11/27/17,122.830002
11/28/17,122.809998
11/29/17,122.040001
11/30/17,121.099998
12/1/17,121.589996
12/4/17,121.18
12/5/17,120.32
12/6/17,120.07
12/7/17,118.489998
12/8/17,118.480003
12/11/17,118.010002
12/12/17,118.150002
12/13/17,119.169998
12/14/17,118.93
12/15/17,119.18
12/18/17,119.730003
12/19/17,119.82
12/20/17,120.139999
12/21/17,120.309998
12/22/17,120.940002
12/26/17,121.769997
12/27/17,122.230003
12/28/17,122.849998
12/29/17,123.650002
1/2/18,125.150002
1/3/18,124.82
1/4/18,125.459999
1/5/18,125.330002
1/8/18,125.309998
1/9/18,124.730003
1/10/18,125.029999
1/11/18,125.440002
1/12/18,126.959999
1/16/18,127.169998
1/17/18,126.139999
1/18/18,125.860001
1/19/18,126.419998
1/22/18,126.650002
1/23/18,127.279999
1/24/18,128.830002
1/25/18,127.970001
1/26/18,128.070007
1/29/18,127.349998
1/30/18,126.800003
1/31/18,127.650002
2/1/18,128.070007
2/2/18,126.389999
2/5/18,126.709999
2/6/18,125.379997
2/7/18,124.790001
2/8/18,124.980003
2/9/18,124.769997
2/12/18,125.370003
2/13/18,126.080002
2/14/18,128.229996
2/15/18,128.380005
2/16/18,127.959999
2/20/18,126.239998
2/21/18,125.660004
2/22/18,126.300003
2/23/18,126.139999
2/26/18,126.449997
2/27/18,125.129997
2/28/18,125
3/1/18,124.720001
3/2/18,125.389999
3/5/18,125.18
3/6/18,126.529999
3/7/18,125.720001
3/8/18,125.419998
3/9/18,125.540001
3/12/18,125.540001
3/13/18,125.779999
3/14/18,125.699997
3/15/18,124.900002
3/16/18,124.599998
3/19/18,124.870003
3/20/18,124.309998
3/21/18,126.480003
3/22/18,125.980003
3/23/18,127.610001
3/26/18,128.279999
3/27/18,127.489998
3/28/18,125.730003
3/29/18,125.790001
4/2/18,127.260002
4/3/18,126.300003
4/4/18,126.449997
4/5/18,125.800003
4/6/18,126.389999
4/9/18,126.82
4/10/18,127.120003
4/11/18,128.110001
4/12/18,126.620003
4/13/18,127.449997
4/16/18,127.629997
4/17/18,127.75
4/18/18,127.849998
4/19/18,127.599998
4/20/18,126.629997
4/23/18,125.620003
4/24/18,126.230003
4/25/18,125.410004
4/26/18,124.970001
4/27/18,125.5
4/30/18,124.589996
5/1/18,123.709999
5/2/18,123.650002
5/3/18,124.279999
5/4/18,124.540001
5/7/18,124.57
5/8/18,124.589996
5/9/18,124.330002
5/10/18,125.18
5/11/18,125
5/14/18,124.489998
5/15/18,122.480003
5/16/18,122.290001
5/17/18,122.360001
5/18/18,122.410004
5/21/18,122.480003
5/22/18,122.410004
5/23/18,122.540001
5/24/18,123.589996
5/25/18,123.209999
5/29/18,123.190002
5/30/18,123.370003
5/31/18,123.099998
6/1/18,122.489998
6/4/18,122.370003
6/5/18,122.849998
6/6/18,122.919998
6/7/18,122.860001
6/8/18,123.010002
6/11/18,123.230003
6/12/18,122.82
6/13/18,123.190002
6/14/18,123.379997
6/15/18,121.339996
6/18/18,121.110001
6/19/18,120.800003
6/20/18,120.260002
6/21/18,120.050003
6/22/18,120.339996
6/25/18,119.889999
6/26/18,119.260002
6/27/18,118.580002
6/28/18,118.220001
6/29/18,118.650002
7/2/18,117.459999
7/3/18,118.650002
7/5/18,119.050003
7/6/18,118.860001
7/9/18,119.150002
7/10/18,118.93
7/11/18,117.639999
7/12/18,118.129997
7/13/18,117.610001
7/16/18,117.550003
7/17/18,116.279999
7/18/18,116.309998
7/19/18,115.809998
7/20/18,116.559998
7/23/18,116
7/24/18,116.040001
7/25/18,116.68
7/26/18,115.769997
7/27/18,115.830002
7/30/18,115.650002
7/31/18,115.989998
8/1/18,115.139999
8/2/18,114.519997
8/3/18,114.919998
8/6/18,114.330002
8/7/18,114.589996
8/8/18,114.910004
8/9/18,114.739998
8/10/18,114.690002
8/13/18,112.959999
8/14/18,113.07
8/15/18,111.190002
8/16/18,111.099998
8/17/18,112.129997
8/20/18,112.690002
8/21/18,113.019997
8/22/18,113.269997
8/23/18,112.199997
8/24/18,114.160004
8/27/18,114.589996
8/28/18,113.68
8/29/18,114.199997
8/30/18,113.639999
8/31/18,113.510002
9/4/18,112.93
9/5/18,113.32
9/6/18,113.540001
9/7/18,113.230003
9/10/18,113.150002
9/11/18,113.220001
9/12/18,114.169998
9/13/18,113.760002
9/14/18,113.019997
9/17/18,113.610001
9/18/18,113.440002
9/19/18,113.879997
9/20/18,114.269997
9/21/18,113.489998
9/24/18,113.470001
9/25/18,113.650002
9/26/18,113.050003
9/27/18,112.050003
9/28/18,112.760002
10/1/18,112.57
10/2/18,113.870003
10/3/18,113.419998
10/4/18,113.480003
10/5/18,113.800003
10/8/18,112.540001
10/9/18,112.599998
10/10/18,112.879997
10/11/18,115.779999
10/12/18,115.230003
10/15/18,116
10/16/18,115.800003
10/17/18,115.790001
10/18/18,115.919998
10/19/18,116.010002
10/22/18,115.709999
10/23/18,116.389999
10/24/18,116.660004
10/25/18,116.400002
10/26/18,116.769997
10/29/18,116.309998
10/30/18,115.800003
10/31/18,115.150002
11/1/18,116.629997
11/2/18,116.650002
11/5/18,116.370003
11/6/18,116.040001
11/7/18,116.029999
11/8/18,115.779999
11/9/18,114.480003
11/12/18,113.660004
11/13/18,113.699997
11/14/18,114.639999
11/15/18,114.769997
11/16/18,115.620003
11/19/18,115.669998
11/20/18,115.669998
11/21/18,115.860001
11/23/18,115.769997
11/26/18,115.639999
11/27/18,114.949997
11/28/18,115.379997
11/29/18,115.739998
11/30/18,115.540001
12/3/18,116.410004
12/4/18,117.120003
12/6/18,117.139999
12/7/18,118.089996
12/10/18,117.68
12/11/18,117.540001
12/12/18,117.790001
12/13/18,117.529999
12/14/18,117.059998
12/17/18,117.870003
12/18/18,118.150002
12/19/18,117.43
12/20/18,119.239998
12/21/18,118.720001
12/24/18,120.019997
12/26/18,119.660004
12/27/18,120.57
12/28/18,121.059998
12/31/18,121.25
1/2/19,121.330002
1/3/19,122.43
1/4/19,121.440002
1/7/19,121.860001
1/8/19,121.529999
1/9/19,122.309998
1/10/19,121.589996
1/11/19,121.800003
1/14/19,122.089996
1/15/19,121.879997
1/16/19,122.269997
1/17/19,122.110001
1/18/19,121.019997
1/22/19,121.449997
1/23/19,121.279999
1/24/19,121.089996
1/25/19,122.860001
1/28/19,123.290001
1/29/19,123.980003
1/30/19,124.690002
1/31/19,124.75
2/1/19,124.5
2/4/19,123.959999
2/5/19,124.279999
2/6/19,123.440002
2/7/19,123.739998
2/8/19,124.209999
2/11/19,123.599998
2/12/19,123.860001
2/13/19,123.370003
2/14/19,124.059998
2/15/19,124.800003
2/19/19,126.699997
2/20/19,126.480003
2/21/19,125.050003
2/22/19,125.5
2/25/19,125.370003
2/26/19,125.580002
2/27/19,124.690002
2/28/19,123.989998
3/1/19,121.879997
3/4/19,121.559998
3/5/19,121.720001
3/6/19,121.610001
3/7/19,121.510002
3/8/19,122.839996
3/11/19,122.239998
3/12/19,122.980003
3/13/19,123.839996
3/14/19,122.410004
3/15/19,122.970001
3/18/19,123.040001
3/19/19,123.379997
3/20/19,124.18
3/21/19,123.68
3/22/19,123.970001
3/25/19,124.919998
3/26/19,124.300003
3/27/19,123.650002
3/28/19,121.900002
3/29/19,122.010002
4/1/19,121.529999
4/2/19,121.980003
4/3/19,121.800003
4/4/19,122.110001
4/5/19,121.980003
4/8/19,122.510002
4/9/19,123.150002
4/10/19,123.529999
4/11/19,121.949997
4/12/19,121.830002
4/15/19,121.599998
4/16/19,120.510002
4/17/19,120.279999
4/18/19,120.370003
4/22/19,120.370003
4/23/19,120.120003
4/24/19,120.470001
4/25/19,120.57
4/26/19,121.370003
4/29/19,120.830002
4/30/19,121.199997
5/1/19,120.400002
5/2/19,119.940002
5/3/19,120.650002
5/6/19,120.809998
5/7/19,121.209999
5/8/19,120.910004
5/9/19,121.199997
5/10/19,121.43
5/13/19,122.669998
5/14/19,122.459999
5/15/19,122.389999
5/16/19,121.510002
5/17/19,120.650002
5/20/19,120.639999
5/21/19,120.360001
5/22/19,120.239998
5/23/19,121.169998
5/24/19,121.300003
5/28/19,120.830002
5/29/19,120.870003
5/30/19,121.690002
5/31/19,123.330002
6/3/19,125.110001
6/4/19,125.150002
6/5/19,125.470001
6/6/19,125.879997
6/7/19,126.589996
6/10/19,125.330002
6/11/19,125.18
6/12/19,125.830002
6/13/19,126.599998
6/14/19,126.559998
6/17/19,126.480003
6/18/19,127.120003
6/19/19,127.889999
6/20/19,131.110001
6/21/19,131.979996
6/24/19,133.940002
6/25/19,134.199997
6/26/19,132.970001
6/27/19,132.839996
6/28/19,133.199997
7/1/19,130.619995
7/2/19,133.410004
7/3/19,133.630005
7/5/19,132.139999
7/8/19,131.289993
7/9/19,131.75
7/10/19,133.830002
7/11/19,132.699997
7/12/19,133.529999
7/15/19,133.529999
7/16/19,132.399994
7/17/19,134.580002
7/18/19,136.479996
7/19/19,134.470001
7/22/19,134.449997
7/23/19,133.690002
7/24/19,134.369995
7/25/19,133.419998
7/26/19,133.639999
7/29/19,134.529999
7/30/19,134.979996
7/31/19,133.210007
8/1/19,136.410004
8/2/19,135.889999
8/5/19,137.789993
8/6/19,138.910004
8/7/19,141.020004
8/8/19,141.729996
8/9/19,141.259995
8/12/19,142.630005
8/13/19,141.779999
8/14/19,142.75
8/15/19,143.699997
8/16/19,142.779999
8/19/19,141.110001
8/20/19,142.210007
8/21/19,141.759995
8/22/19,141.399994
8/23/19,144.169998
8/26/19,144.190002
8/27/19,145.570007
8/28/19,145.160004
8/29/19,144.119995
8/30/19,143.75
9/3/19,145.75
9/4/19,146.660004
9/5/19,143.139999
9/6/19,141.919998
9/9/19,141.389999
9/10/19,140.179993
9/11/19,141.029999
9/12/19,141.320007
9/13/19,140.149994
9/16/19,141.320007
9/17/19,141.600006
9/18/19,140.710007
9/19/19,141.279999
9/20/19,142.949997
9/23/19,143.75
9/24/19,144.509995
9/25/19,141.830002
9/26/19,141.789993
9/27/19,141.059998
9/30/19,138.869995
10/1/19,139.630005
10/2/19,141.259995
10/3/19,141.899994
10/4/19,141.899994
10/7/19,140.690002
10/8/19,141.919998
10/9/19,142.050003
10/10/19,140.809998
10/11/19,140.029999
10/14/19,140.589996
10/15/19,139.610001
10/16/19,140.410004
10/17/19,140.610001
10/18/19,140.460007
10/21/19,139.789993
10/22/19,140.199997
10/23/19,140.529999
10/24/19,141.529999
10/25/19,141.860001
10/28/19,140.639999
10/29/19,140.25
10/30/19,141.020004
10/31/19,142.429993
11/1/19,142.559998
11/4/19,142.149994
11/5/19,139.850006
11/6/19,140.449997
11/7/19,138.270004
11/8/19,137.389999
11/11/19,137.059998
11/12/19,137.429993
11/13/19,137.979996
11/14/19,138.559998
11/15/19,138.210007
11/18/19,138.619995
11/19/19,138.690002
11/20/19,138.759995
11/21/19,138
11/22/19,137.740005
11/25/19,137.080002
11/26/19,137.740005
11/27/19,137.009995
11/29/19,137.860001
12/2/19,137.789993
12/3/19,139.110001
12/4/19,138.919998
12/5/19,139
12/6/19,137.619995
12/9/19,137.580002
12/10/19,137.970001
12/11/19,138.919998
12/12/19,138.429993
12/13/19,139.050003
12/16/19,139.039993
12/17/19,139.009995
12/18/19,139.020004
12/19/19,139.380005
12/20/19,139.520004
12/23/19,139.949997
12/24/19,141.270004
12/26/19,142.380005
12/27/19,142.330002
12/30/19,142.630005
12/31/19,142.899994
1/2/20,143.949997
1/3/20,145.860001
1/6/20,147.389999
1/7/20,147.970001
1/8/20,146.860001
1/9/20,146.029999
1/10/20,146.910004
1/13/20,145.820007
1/14/20,145.690002
1/15/20,146.539993
1/16/20,146.309998
1/17/20,146.580002
1/21/20,146.740005
1/22/20,146.789993
1/23/20,147.119995
1/24/20,147.979996
1/27/20,148.990005
1/28/20,147.660004
1/29/20,148.460007
1/30/20,148.470001
1/31/20,149.330002
2/3/20,148.360001
2/4/20,146.429993
2/5/20,146.610001
2/6/20,147.399994
2/7/20,147.789993
2/10/20,148.169998
2/11/20,147.660004
2/12/20,147.539993
2/13/20,148.380005
2/14/20,149
2/18/20,150.910004
2/19/20,151.789993
2/20/20,152.410004
2/21/20,154.699997
2/24/20,156.089996
2/25/20,153.300003
2/26/20,153.970001
2/27/20,154
2/28/20,148.380005
3/2/20,149.199997
3/3/20,153.889999
3/4/20,154.160004
3/5/20,157.490005
3/6/20,157.550003
3/9/20,157.809998
3/10/20,154.479996
3/11/20,153.929993
3/12/20,147.789993
3/13/20,143.279999
3/16/20,141.639999
3/17/20,143.559998
3/18/20,140.699997
3/19/20,138.039993
3/20/20,140.110001
3/23/20,146.300003
3/24/20,153.399994
3/25/20,151.300003
3/26/20,153.240005
3/27/20,152.25
3/30/20,152.919998
3/31/20,148.050003
4/1/20,149.449997
4/2/20,151.899994
4/3/20,152.649994
4/6/20,156.880005
4/7/20,156.039993
4/8/20,154.649994
4/9/20,158.690002
4/13/20,161.410004
4/14/20,162.679993
4/15/20,161.850006
4/16/20,161.710007
4/17/20,158.570007
4/20/20,159.699997
4/21/20,158.610001
4/22/20,161.729996
4/23/20,163.339996
4/24/20,162.639999
4/27/20,161.559998
4/28/20,160.839996
4/29/20,161.729996
4/30/20,158.800003
5/1/20,159.779999
5/4/20,160.339996
5/5/20,161.020004
5/6/20,158.949997
5/7/20,161.389999
5/8/20,160.419998
5/11/20,159.419998
5/12/20,160.039993
5/13/20,161.580002
5/14/20,163.009995
5/15/20,163.929993
5/18/20,162.690002
5/19/20,164.259995
5/20/20,164.649994
5/21/20,162.25
5/22/20,163.210007
5/26/20,160.889999
5/27/20,161.179993
5/28/20,161.720001
5/29/20,162.910004
6/1/20,163.660004
6/2/20,162.600006
6/3/20,159.600006
6/4/20,161.279999
6/5/20,158.009995
6/8/20,159.720001
6/9/20,161.259995
6/10/20,163.570007
6/11/20,162.389999
6/12/20,162.619995
6/15/20,162.330002
6/16/20,162.25
6/17/20,162.559998
6/18/20,162.240005
6/19/20,164.029999
6/22/20,165.089996
6/23/20,166.479996
6/24/20,165.899994
6/25/20,165.800003
6/26/20,166.539993
6/29/20,166.630005
6/30/20,167.369995
7/1/20,166.619995
7/2/20,166.979996
7/6/20,167.979996
7/7/20,169.039993
7/8/20,170.089996
7/9/20,169.630005
7/10/20,169.190002
7/13/20,169.399994
7/14/20,170.190002
7/15/20,170.339996
7/16/20,168.729996
7/17/20,170.119995
7/20/20,170.940002
7/21/20,173
7/22/20,175.630005
7/23/20,177.179993
7/24/20,178.699997
7/27/20,182.229996
7/28/20,183.75
7/29/20,185.130005
7/30/20,183.759995
7/31/20,185.429993
8/3/20,185.639999
8/4/20,189.589996
8/5/20,191.350006
8/6/20,193.889999
8/7/20,190.809998
8/10/20,190.149994
8/11/20,179.940002
8/12/20,179.100006
8/13/20,183.330002
8/14/20,182.539993
8/17/20,186.5
8/18/20,188.179993
8/19/20,182.240005
8/20/20,183.5
8/21/20,182.029999
8/24/20,181
8/25/20,181.220001
8/26/20,183.360001
8/27/20,181.240005
8/28/20,184.389999
8/31/20,184.830002
9/1/20,185.050003
9/2/20,182.619995
9/3/20,181.139999
9/4/20,181.639999
9/8/20,181.289993
9/9/20,183.050003
9/10/20,182.460007
9/11/20,182.449997
9/14/20,183.889999
9/15/20,183.449997
9/16/20,183.970001
9/17/20,182.960007
9/18/20,183.199997
9/21/20,179.520004
9/22/20,178.649994
9/23/20,174.789993
9/24/20,175.440002
9/25/20,174.940002
9/28/20,176.699997
9/29/20,178.190002
9/30/20,177.119995
10/1/20,178.699997
10/2/20,178.539993
10/5/20,179.410004
10/6/20,177.300003
10/7/20,177.220001
10/8/20,177.850006
10/9/20,181.080002
10/12/20,180.559998
10/13/20,177.720001
10/14/20,178.270004
10/15/20,178.919998
10/16/20,178.300003
10/19/20,178.389999
10/20/20,179.25
10/21/20,180.600006
10/22/20,178.830002
10/23/20,178.639999
10/26/20,178.550003
10/27/20,179.020004
10/28/20,176.130005
10/29/20,175.399994
10/30/20,176.199997
11/2/20,177.910004
11/3/20,178.919998
11/4/20,178.820007
11/5/20,182.929993
11/6/20,183.190002
11/9/20,175.080002
11/10/20,175.660004
11/11/20,174.899994
11/12/20,175.960007
11/13/20,177.160004
11/16/20,177.149994
11/17/20,176.5
11/18/20,175.490005
11/19/20,175.160004
11/20/20,175.690002
11/23/20,172.229996
11/24/20,169.589996
11/25/20,169.509995
11/27/20,167.789993
11/30/20,166.669998
12/1/20,170.179993
12/2/20,171.460007
12/3/20,172.809998
12/4/20,172.320007
12/7/20,174.889999
12/8/20,175.5
12/9/20,172.5
12/10/20,172.169998
12/11/20,172.490005
12/14/20,171.539993
12/15/20,173.940002
12/16/20,174.899994
12/17/20,176.740005
12/18/20,176.440002
12/21/20,175.880005
12/22/20,174.490005
12/23/20,175.649994
12/24/20,176.350006
12/28/20,175.710007
12/29/20,176.350006
12/30/20,177.699997
12/31/20,178.360001
1/4/21,182.330002
1/5/21,182.869995
1/6/21,179.899994
1/7/21,179.479996
1/8/21,173.339996
1/11/21,173
1/12/21,174.119995
1/13/21,173.369995
1/14/21,173.279999
1/15/21,171.130005
1/19/21,172.580002
1/20/21,175.389999
1/21/21,175.279999
1/22/21,173.899994
1/25/21,174.050003
1/26/21,173.619995
1/27/21,172.520004
1/28/21,172.679993
1/29/21,172.610001
2/1/21,174.229996
2/2/21,172.110001
2/3/21,171.850006
2/4/21,168.149994
2/5/21,169.809998
2/8/21,171.520004
2/9/21,172.080002
2/10/21,172.710007
2/11/21,171.210007
2/12/21,170.690002
2/16/21,168.240005
2/17/21,166.330002
2/18/21,166.320007
2/19/21,167.009995
2/22/21,169.509995
2/23/21,169.119995
2/24/21,169
2/25/21,165.820007
2/26/21,161.809998
3/1/21,161.529999
3/2/21,162.410004
3/3/21,160.619995
3/4/21,159.039993
3/5/21,159.139999
3/8/21,157.490005
3/9/21,160.839996
3/10/21,161.660004
3/11/21,161.520004
3/12/21,161.490005
3/15/21,162.199997
3/16/21,162.350006
3/17/21,163.509995
3/18/21,162.559998
3/19/21,163.240005
3/22/21,163
3/23/21,161.809998
3/24/21,162.369995
3/25/21,161.779999
3/26/21,162.240005
3/29/21,160.309998
3/30/21,157.570007
3/31/21,159.960007
4/1/21,161.979996
4/5/21,161.919998
4/6/21,163.220001
4/7/21,162.759995
4/8/21,164.509995
4/9/21,163.270004
4/12/21,162.279999
4/13/21,163.429993
4/14/21,162.720001
4/15/21,165.350006
4/16/21,166.350006
4/19/21,165.889999
4/20/21,166.479996
4/21/21,168.130005
4/22/21,167.039993
4/23/21,166.399994
4/26/21,166.839996
4/27/21,166.419998
4/28/21,166.910004
4/29/21,166.220001
4/30/21,165.660004
5/3/21,167.809998
5/4/21,166.580002
5/5/21,167.270004
5/6/21,170.059998
5/7/21,171.589996
5/10/21,172.110001
5/11/21,172.139999
5/12/21,170.429993
5/13/21,171.130005
5/14/21,172.690002
5/17/21,174.699997
5/18/21,175.039993
5/19/21,175.160004
5/20/21,175.960007
5/21/21,176.039993
5/24/21,176.350006
5/25/21,177.949997
5/26/21,177.639999
5/27/21,177.710007
5/28/21,178.380005
6/1/21,177.899994
6/2/21,178.770004
6/3/21,175.270004
6/4/21,177.160004
6/7/21,177.869995
6/8/21,177.320007
6/9/21,176.979996
6/10/21,177.740005
6/11/21,175.740005
6/14/21,174.710007
6/15/21,174.050003
6/16/21,171.110001
6/17/21,165.850006
6/18/21,164.929993
6/21/21,166.949997
6/22/21,166.25
6/23/21,166.139999
6/24/21,166.039993
6/25/21,166.589996
6/28/21,166.580002
6/29/21,164.830002
6/30/21,165.630005
7/1/21,166.199997
7/2/21,167.289993
7/6/21,168.119995
7/7/21,168.759995
7/8/21,168.649994
7/9/21,169.210007
7/12/21,169
7/13/21,169.220001
7/14/21,171.039993
7/15/21,171.070007
7/16/21,169.410004
7/19/21,169.610001
7/20/21,169.389999
7/21/21,168.759995
7/22/21,169.089996
7/23/21,168.559998
7/26/21,168.160004
7/27/21,168.440002
7/28/21,169.289993
7/29/21,171.169998
7/30/21,169.820007
8/2/21,169.610001
8/3/21,169.490005
8/4/21,169.529999
8/5/21,168.860001
8/6/21,164.639999
8/9/21,161.720001
8/10/21,161.770004
8/11/21,164
8/12/21,164.039993
8/13/21,166.389999
8/16/21,167.220001
8/17/21,166.970001
8/18/21,167.100006
8/19/21,166.610001
8/20/21,166.699997
8/23/21,168.729996
8/24/21,168.649994
8/25/21,167.479996
8/26/21,167.669998
8/27/21,170.190002
8/30/21,169.350006
8/31/21,169.690002
9/1/21,169.699997
9/2/21,169.25
9/3/21,171.059998
9/7/21,167.710007
9/8/21,167.289993
9/9/21,168.029999
9/10/21,167.179993
9/13/21,167.740005
9/14/21,168.820007
9/15/21,167.830002
9/16/21,164.029999
9/17/21,163.770004
9/20/21,164.940002
9/21/21,166.039993
9/22/21,165.419998
9/23/21,163.509995
9/24/21,163.300003
9/27/21,163.639999
9/28/21,162.050003
9/29/21,161.320007
9/30/21,164.220001
10/1/21,164.589996
10/4/21,165.360001
10/5/21,164.589996
10/6/21,165.029999
10/7/21,164.160004
10/8/21,164.229996
10/11/21,163.919998
10/12/21,164.660004
10/13/21,167.589996
10/14/21,168
10/15/21,165.330002
10/18/21,164.919998
10/19/21,165.449997
10/20/21,166.899994
10/21/21,166.75
10/22/21,167.770004
10/25/21,168.929993
10/26/21,167.679993
10/27/21,168.119995
10/28/21,168.080002
10/29/21,166.649994
11/1/21,167.520004
11/2/21,167.160004
11/3/21,165.770004
11/4/21,167.649994
11/5/21,169.839996
11/8/21,170.449997
11/9/21,171.289993
11/10/21,173.149994
11/11/21,174.119995
11/12/21,174.449997
11/15/21,174.179993
11/16/21,172.919998
11/17/21,174.5
11/18/21,173.940002
11/19/21,172.610001
11/22/21,168.740005
11/23/21,167.279999
11/24/21,167.119995
11/26/21,166.850006
11/29/21,166.619995
11/30/21,165.5
12/1/21,166.160004
12/2/21,165.240005
12/3/21,166.630005
12/6/21,166.220001
12/7/21,166.809998
12/8/21,166.899994
12/9/21,165.880005
12/10/21,166.580002
12/13/21,167
12/14/21,165.440002
12/15/21,166.149994
12/16/21,168.160004
12/17/21,167.800003
12/20/21,167.089996
12/21/21,167.020004
12/22/21,168.589996
12/23/21,168.970001
12/27/21,169.369995
12/28/21,168.639999
12/29/21,168.589996
12/30/21,169.800003
12/31/21,170.960007
1/3/22,168.330002
1/4/22,169.570007
1/5/22,169.059998
1/6/22,166.990005
1/7/22,167.75
1/10/22,168.259995
1/11/22,170.289993
1/12/22,170.740005
1/13/22,170.160004
1/14/22,169.669998
1/18/22,169.389999
1/19/22,172.080002
1/20/22,171.649994
1/21/22,171.089996
1/24/22,172.029999
1/25/22,172.580002
1/26/22,169.789993
1/27/22,167.600006
1/28/22,167.100006
1/31/22,168.089996
2/1/22,168.229996
2/2/22,168.839996
2/3/22,168.600006
2/4/22,168.860001
2/7/22,170.110001
2/8/22,170.630005
2/9/22,171.210007
2/10/22,170.559998
2/11/22,173.809998
2/14/22,174.740005
2/15/22,173.080002
2/16/22,174.860001
2/17/22,177.25
2/18/22,177.119995
2/22/22,177.490005
2/23/22,178.289993
2/24/22,177.139999
2/25/22,176.550003
2/28/22,178.380005
3/1/22,181.619995
3/2/22,179.729996
3/3/22,180.800003
3/4/22,183.679993
3/7/22,186.410004
3/8/22,191.509995
3/9/22,185.820007
3/10/22,186.399994
3/11/22,185.089996
3/14/22,182.300003
3/15/22,178.889999
3/16/22,180.009995
3/17/22,180.889999
3/18/22,179.300003
3/21/22,180.669998
3/22/22,179.360001
3/23/22,181.809998
3/24/22,183.130005
3/25/22,182.380005
3/28/22,179.059998
3/29/22,179.139999
3/30/22,180.580002
3/31/22,180.649994
4/1/22,179.5
4/4/22,180.369995
4/5/22,179.240005
4/6/22,179.660004
4/7/22,180.339996
4/8/22,181.470001
4/11/22,182.369995
4/12/22,183.770004
4/13/22,184.649994
4/14/22,184.039993
4/18/22,184.610001
4/19/22,181.820007
4/20/22,182.710007
4/21/22,182.059998
4/22/22,180.289993
4/25/22,177.050003
4/26/22,177.320007
4/27/22,175.979996
4/28/22,176.929993
4/29/22,176.910004
5/2/22,173.630005
5/3/22,174.089996
5/4/22,175.800003
5/5/22,175.130005
5/6/22,175.419998
5/9/22,172.880005
5/10/22,171.419998
5/11/22,172.820007
5/12/22,170.169998
5/13/22,168.789993
5/16/22,170.399994
5/17/22,169.330002
5/18/22,169.419998
5/19/22,171.910004
5/20/22,172.029999
5/23/22,172.830002
5/24/22,174.130005
5/25/22,173.080002
5/26/22,172.759995
5/27/22,172.850006
5/31/22,171.139999
6/1/22,172.229996
6/2/22,174.350006
6/3/22,172.580002
6/6/22,171.820007
6/7/22,172.940002
6/8/22,172.779999
6/9/22,172.229996
6/10/22,174.539993
6/13/22,169.929993
6/14/22,168.570007
6/15/22,170.770004
6/16/22,172.690002
6/17/22,171.270004
6/21/22,170.630005
6/22/22,171.309998
6/23/22,170.259995
6/24/22,170.089996
6/27/22,169.899994
6/28/22,169.619995
6/29/22,169.490005
6/30/22,168.460007
7/1/22,168.320007
7/5/22,164.75
7/6/22,162.139999
7/7/22,162.229996
7/8/22,162.300003
7/11/22,161.429993
7/12/22,160.830002
7/13/22,161.600006
7/14/22,159.330002
7/15/22,159.009995
7/18/22,159.160004
7/19/22,159.539993
7/20/22,158.039993
7/21/22,160.270004
7/22/22,160.669998
7/25/22,160.229996
7/26/22,160.039993
7/27/22,161.669998
7/28/22,163.639999
7/29/22,164.100006
8/1/22,165.029999
8/2/22,164.050003
8/3/22,164.449997
8/4/22,167.169998
8/5/22,165.289993
8/8/22,166.690002
8/9/22,167.199997
8/10/22,166.779999
8/11/22,166.339996
8/12/22,167.869995
8/15/22,165.710007
8/16/22,165.419998
8/17/22,164.350006
8/18/22,163.919998
8/19/22,162.720001
8/22/22,161.639999
8/23/22,162.770004
8/24/22,163.25
8/25/22,163.75
8/26/22,161.759995
8/29/22,161.860001
8/30/22,160.509995
8/31/22,159.270004
9/1/22,157.869995
9/2/22,159.259995
9/6/22,158.330002
9/7/22,159.940002
9/8/22,158.979996
9/9/22,159.820007